note_id,case_id,author,author_role,created_at,note_text,action_taken
NOTE-DEMO-000001,CASE-MPLADS-DEMO-000001,R. Verma (Auditor),AUDITOR,2024-04-11T12:30:00,Desk review initiated for project MPLADS-DEMO-000001. Sanctioned at ₹65.0 Lakhs; recorded expenditure is only ₹8.2 Lakhs (12.6% utilization ratio) after 500+ days.,Financial utilization ledgers retrieved
NOTE-DEMO-000002,CASE-MPLADS-DEMO-000001,R. Verma (Auditor),AUDITOR,2024-04-15T15:30:00,Comparative analysis against peer community halls in Rajkot shows average completion duration of 180 days with >85% fund utilization. Stalled status requires human verification.,Benchmarked against district sector averages
NOTE-DEMO-000003,CASE-MPLADS-DEMO-000001,R. Verma (Auditor),AUDITOR,2024-04-19T12:30:00,"Requested physical site verification report from Executive Engineer, PWD Rajkot Division, to confirm actual on-ground execution stage.",Field verification notice issued
NOTE-DEMO-000004,CASE-MPLADS-DEMO-000002,P. Patel (Senior Audit Officer),SENIOR_AUDITOR,2024-04-12T15:30:00,Spatial deduplication engine flagged potential cluster with peer project MPLADS-DEMO-000003 located ~21 meters away in Village-Kalyanpur.,GIS coordinate overlay generated
NOTE-DEMO-000005,CASE-MPLADS-DEMO-000002,P. Patel (Senior Audit Officer),SENIOR_AUDITOR,2024-04-16T11:30:00,"NLP textual similarity between DPR work descriptions is 96.4%. Both orders cite identical RCC framing, boundary wall construction, and sanitary fittings.",Lexical similarity comparison recorded
NOTE-DEMO-000006,CASE-MPLADS-DEMO-000002,P. Patel (Senior Audit Officer),SENIOR_AUDITOR,2024-04-20T14:30:00,Field verification notice issued to inspect whether two independent facilities exist or if single asset was billed against multiple sanction orders.,Site inspection scheduled
NOTE-DEMO-000007,CASE-MPLADS-DEMO-000004,Dr. K. Rao (Lead Forensic Auditor),LEAD_INVESTIGATOR,2024-04-13T12:30:00,"Procurement analysis identified cluster of 3 road works (MPLADS-DEMO-000004, 000005, 000006) in Village-Sundarpur sanctioned within 72 hours.",Procurement cluster indexed
NOTE-DEMO-000008,CASE-MPLADS-DEMO-000004,Dr. K. Rao (Lead Forensic Auditor),LEAD_INVESTIGATOR,2024-04-17T11:30:00,"Each individual work is valued between ₹4.88L and ₹4.95L, directly below the ₹5.00 Lakhs statutory ceiling mandating open competitive e-tendering.",Statutory procurement ceiling check executed
NOTE-DEMO-000009,CASE-MPLADS-DEMO-000004,Dr. K. Rao (Lead Forensic Auditor),LEAD_INVESTIGATOR,2024-04-21T14:30:00,All 3 contracts awarded to Apex Infrastructure Ltd via quotation. Audit review initiated to verify justification for piecemeal procurement.,Vendor tender documentation requisitioned
NOTE-DEMO-000010,CASE-MPLADS-DEMO-000007,R. Verma (Auditor),AUDITOR,2024-04-14T15:30:00,Asset Evidence Intelligence engine flagged exact cryptographic hash collision (SHA-256 match) between completion photo for MPLADS-DEMO-000007 and MPLADS-DEMO-000008.,Cryptographic hash collision verified
NOTE-DEMO-000011,CASE-MPLADS-DEMO-000007,R. Verma (Auditor),AUDITOR,2024-04-18T12:30:00,"Projects are located 14 km apart (Village-Sundarpur vs Village-Navagam) under different executing divisions, yet submit identical photo files.",Photographic EXIF comparison completed
NOTE-DEMO-000012,CASE-MPLADS-DEMO-000007,R. Verma (Auditor),AUDITOR,2024-04-22T12:30:00,Re-inspection ordered. Dispatched field verification officer to upload fresh timestamped geo-tagged photographs from both asset locations.,Re-inspection notice dispatched
NOTE-DEMO-000013,CASE-MPLADS-DEMO-000010,Dr. K. Rao (Lead Forensic Auditor),LEAD_INVESTIGATOR,2024-04-15T15:30:00,"Multi-modal fusion engine flagged acute compound risk across financial (2.02x cost elevation), temporal (5-day completion velocity), and network domains.",Cross-domain audit dossier compiled
NOTE-DEMO-000014,CASE-MPLADS-DEMO-000010,Dr. K. Rao (Lead Forensic Auditor),LEAD_INVESTIGATOR,2024-04-19T12:30:00,"Evidence analysis reveals progress photo reuses hash from MPLADS-DEMO-000007, while completion photo EXIF GPS indicates coordinates 23.4 km from site.",Evidence discrepancies cataloged
NOTE-DEMO-000015,CASE-MPLADS-DEMO-000010,Dr. K. Rao (Lead Forensic Auditor),LEAD_INVESTIGATOR,2024-04-23T15:30:00,Case escalated to Lead Forensic Auditor and Senior District Magistrate. Joint multi-departmental physical inspection mandated.,Escalated to State Audit Directorate
NOTE-DEMO-000016,CASE-MPLADS-DEMO-000401,P. Patel (Senior Audit Officer),SENIOR_AUDITOR,2024-04-16T11:30:00,Initiated comprehensive audit desk review for project MPLADS-DEMO-000401 in district Nagpur. Cross-referenced initial administrative sanction against public procurement schedules.,Administrative records retrieved and indexed
NOTE-DEMO-000017,CASE-MPLADS-DEMO-000401,P. Patel (Senior Audit Officer),SENIOR_AUDITOR,2024-04-20T13:30:00,Detailed analysis identified compound indicators: work value is within statutory procurement threshold limits with photographic asset overlap. Field verification team instructed to obtain physical measurement sheet.,Dispatched field verification notice to district executive engineer
NOTE-DEMO-000018,CASE-MPLADS-DEMO-000401,P. Patel (Senior Audit Officer),SENIOR_AUDITOR,2024-04-24T12:30:00,Under active evaluation. Awaiting response from regional PWD division regarding revised technical estimate.,Follow-up reminder transmitted
NOTE-DEMO-000019,CASE-MPLADS-DEMO-000402,Dr. K. Rao (Lead Forensic Auditor),LEAD_INVESTIGATOR,2024-04-17T12:30:00,Initiated comprehensive audit desk review for project MPLADS-DEMO-000402 in district Nagpur. Cross-referenced initial administrative sanction against public procurement schedules.,Administrative records retrieved and indexed
NOTE-DEMO-000020,CASE-MPLADS-DEMO-000402,Dr. K. Rao (Lead Forensic Auditor),LEAD_INVESTIGATOR,2024-04-21T12:30:00,Detailed analysis identified compound indicators: work value is within statutory procurement threshold limits with photographic asset overlap. Field verification team instructed to obtain physical measurement sheet.,Dispatched field verification notice to district executive engineer
NOTE-DEMO-000021,CASE-MPLADS-DEMO-000402,Dr. K. Rao (Lead Forensic Auditor),LEAD_INVESTIGATOR,2024-04-25T14:30:00,"Due to unresolved evidence discrepancies between registered GPS coordinates and uploaded completion photo EXIF, case escalated for Senior District Magistrate review and multi-department joint physical verification.",Escalated to State Audit Directorate
NOTE-DEMO-000022,CASE-MPLADS-DEMO-000403,A. Sharma (District Monitoring Officer),DISTRICT_OFFICER,2024-04-18T12:30:00,Initiated comprehensive audit desk review for project MPLADS-DEMO-000403 in district Nagpur. Cross-referenced initial administrative sanction against public procurement schedules.,Administrative records retrieved and indexed
NOTE-DEMO-000023,CASE-MPLADS-DEMO-000403,A. Sharma (District Monitoring Officer),DISTRICT_OFFICER,2024-04-22T15:30:00,Detailed analysis identified compound indicators: work value is within statutory procurement threshold limits with photographic asset overlap. Field verification team instructed to obtain physical measurement sheet.,Dispatched field verification notice to district executive engineer
NOTE-DEMO-000024,CASE-MPLADS-DEMO-000403,A. Sharma (District Monitoring Officer),DISTRICT_OFFICER,2024-04-26T12:30:00,"Due to unresolved evidence discrepancies between registered GPS coordinates and uploaded completion photo EXIF, case escalated for Senior District Magistrate review and multi-department joint physical verification.",Escalated to State Audit Directorate
NOTE-DEMO-000025,CASE-MPLADS-DEMO-000404,R. Verma (Auditor),AUDITOR,2024-04-19T13:30:00,Initiated comprehensive audit desk review for project MPLADS-DEMO-000404 in district Nagpur. Cross-referenced initial administrative sanction against public procurement schedules.,Administrative records retrieved and indexed
NOTE-DEMO-000026,CASE-MPLADS-DEMO-000404,R. Verma (Auditor),AUDITOR,2024-04-23T12:30:00,Detailed analysis identified compound indicators: work value is within statutory procurement threshold limits with photographic asset overlap. Field verification team instructed to obtain physical measurement sheet.,Dispatched field verification notice to district executive engineer
NOTE-DEMO-000027,CASE-MPLADS-DEMO-000404,R. Verma (Auditor),AUDITOR,2024-04-27T14:30:00,Under active evaluation. Awaiting response from regional PWD division regarding revised technical estimate.,Follow-up reminder transmitted
NOTE-DEMO-000028,CASE-MPLADS-DEMO-000405,P. Patel (Senior Audit Officer),SENIOR_AUDITOR,2024-04-20T15:30:00,Initiated comprehensive audit desk review for project MPLADS-DEMO-000405 in district Nagpur. Cross-referenced initial administrative sanction against public procurement schedules.,Administrative records retrieved and indexed
NOTE-DEMO-000029,CASE-MPLADS-DEMO-000405,P. Patel (Senior Audit Officer),SENIOR_AUDITOR,2024-04-24T15:30:00,Detailed analysis identified compound indicators: work value is within statutory procurement threshold limits with photographic asset overlap. Field verification team instructed to obtain physical measurement sheet.,Dispatched field verification notice to district executive engineer
NOTE-DEMO-000030,CASE-MPLADS-DEMO-000405,P. Patel (Senior Audit Officer),SENIOR_AUDITOR,2024-04-28T13:30:00,"Due to unresolved evidence discrepancies between registered GPS coordinates and uploaded completion photo EXIF, case escalated for Senior District Magistrate review and multi-department joint physical verification.",Escalated to State Audit Directorate
NOTE-DEMO-000031,CASE-MPLADS-DEMO-000406,Dr. K. Rao (Lead Forensic Auditor),LEAD_INVESTIGATOR,2024-04-21T15:30:00,Initiated comprehensive audit desk review for project MPLADS-DEMO-000406 in district Nagpur. Cross-referenced initial administrative sanction against public procurement schedules.,Administrative records retrieved and indexed
NOTE-DEMO-000032,CASE-MPLADS-DEMO-000406,Dr. K. Rao (Lead Forensic Auditor),LEAD_INVESTIGATOR,2024-04-25T12:30:00,Detailed analysis identified compound indicators: work value is within statutory procurement threshold limits with photographic asset overlap. Field verification team instructed to obtain physical measurement sheet.,Dispatched field verification notice to district executive engineer
NOTE-DEMO-000033,CASE-MPLADS-DEMO-000406,Dr. K. Rao (Lead Forensic Auditor),LEAD_INVESTIGATOR,2024-04-29T11:30:00,Under active evaluation. Awaiting response from regional PWD division regarding revised technical estimate.,Follow-up reminder transmitted
NOTE-DEMO-000034,CASE-MPLADS-DEMO-000407,A. Sharma (District Monitoring Officer),DISTRICT_OFFICER,2024-04-22T12:30:00,Initiated comprehensive audit desk review for project MPLADS-DEMO-000407 in district Nagpur. Cross-referenced initial administrative sanction against public procurement schedules.,Administrative records retrieved and indexed
NOTE-DEMO-000035,CASE-MPLADS-DEMO-000407,A. Sharma (District Monitoring Officer),DISTRICT_OFFICER,2024-04-26T15:30:00,Detailed analysis identified compound indicators: work value is within statutory procurement threshold limits with photographic asset overlap. Field verification team instructed to obtain physical measurement sheet.,Dispatched field verification notice to district executive engineer
NOTE-DEMO-000036,CASE-MPLADS-DEMO-000407,A. Sharma (District Monitoring Officer),DISTRICT_OFFICER,2024-04-30T11:30:00,Under active evaluation. Awaiting response from regional PWD division regarding revised technical estimate.,Follow-up reminder transmitted
NOTE-DEMO-000037,CASE-MPLADS-DEMO-000408,R. Verma (Auditor),AUDITOR,2024-04-23T15:30:00,Initiated comprehensive audit desk review for project MPLADS-DEMO-000408 in district Nagpur. Cross-referenced initial administrative sanction against public procurement schedules.,Administrative records retrieved and indexed
NOTE-DEMO-000038,CASE-MPLADS-DEMO-000408,R. Verma (Auditor),AUDITOR,2024-04-27T15:30:00,Detailed analysis identified compound indicators: work value is within statutory procurement threshold limits with photographic asset overlap. Field verification team instructed to obtain physical measurement sheet.,Dispatched field verification notice to district executive engineer
NOTE-DEMO-000039,CASE-MPLADS-DEMO-000408,R. Verma (Auditor),AUDITOR,2024-05-01T11:30:00,"Due to unresolved evidence discrepancies between registered GPS coordinates and uploaded completion photo EXIF, case escalated for Senior District Magistrate review and multi-department joint physical verification.",Escalated to State Audit Directorate
NOTE-DEMO-000040,CASE-MPLADS-DEMO-000409,P. Patel (Senior Audit Officer),SENIOR_AUDITOR,2024-04-24T14:30:00,Initiated comprehensive audit desk review for project MPLADS-DEMO-000409 in district Nagpur. Cross-referenced initial administrative sanction against public procurement schedules.,Administrative records retrieved and indexed
NOTE-DEMO-000041,CASE-MPLADS-DEMO-000409,P. Patel (Senior Audit Officer),SENIOR_AUDITOR,2024-04-28T13:30:00,Detailed analysis identified compound indicators: work value is within statutory procurement threshold limits with photographic asset overlap. Field verification team instructed to obtain physical measurement sheet.,Dispatched field verification notice to district executive engineer
NOTE-DEMO-000042,CASE-MPLADS-DEMO-000409,P. Patel (Senior Audit Officer),SENIOR_AUDITOR,2024-05-02T15:30:00,Under active evaluation. Awaiting response from regional PWD division regarding revised technical estimate.,Follow-up reminder transmitted
NOTE-DEMO-000043,CASE-MPLADS-DEMO-000410,Dr. K. Rao (Lead Forensic Auditor),LEAD_INVESTIGATOR,2024-04-25T13:30:00,Initiated comprehensive audit desk review for project MPLADS-DEMO-000410 in district Nagpur. Cross-referenced initial administrative sanction against public procurement schedules.,Administrative records retrieved and indexed
NOTE-DEMO-000044,CASE-MPLADS-DEMO-000410,Dr. K. Rao (Lead Forensic Auditor),LEAD_INVESTIGATOR,2024-04-29T14:30:00,Detailed analysis identified compound indicators: work value is within statutory procurement threshold limits with photographic asset overlap. Field verification team instructed to obtain physical measurement sheet.,Dispatched field verification notice to district executive engineer
NOTE-DEMO-000045,CASE-MPLADS-DEMO-000410,Dr. K. Rao (Lead Forensic Auditor),LEAD_INVESTIGATOR,2024-05-03T14:30:00,Under active evaluation. Awaiting response from regional PWD division regarding revised technical estimate.,Follow-up reminder transmitted
NOTE-DEMO-000046,CASE-MPLADS-DEMO-000411,A. Sharma (District Monitoring Officer),DISTRICT_OFFICER,2024-04-26T14:30:00,Initiated comprehensive audit desk review for project MPLADS-DEMO-000411 in district Nagpur. Cross-referenced initial administrative sanction against public procurement schedules.,Administrative records retrieved and indexed
NOTE-DEMO-000047,CASE-MPLADS-DEMO-000411,A. Sharma (District Monitoring Officer),DISTRICT_OFFICER,2024-04-30T13:30:00,Detailed analysis identified compound indicators: work value is within statutory procurement threshold limits with photographic asset overlap. Field verification team instructed to obtain physical measurement sheet.,Dispatched field verification notice to district executive engineer
NOTE-DEMO-000048,CASE-MPLADS-DEMO-000411,A. Sharma (District Monitoring Officer),DISTRICT_OFFICER,2024-05-04T14:30:00,"Due to unresolved evidence discrepancies between registered GPS coordinates and uploaded completion photo EXIF, case escalated for Senior District Magistrate review and multi-department joint physical verification.",Escalated to State Audit Directorate
NOTE-DEMO-000049,CASE-MPLADS-DEMO-000412,R. Verma (Auditor),AUDITOR,2024-04-27T12:30:00,Initiated comprehensive audit desk review for project MPLADS-DEMO-000412 in district Nagpur. Cross-referenced initial administrative sanction against public procurement schedules.,Administrative records retrieved and indexed
NOTE-DEMO-000050,CASE-MPLADS-DEMO-000412,R. Verma (Auditor),AUDITOR,2024-05-01T13:30:00,Detailed analysis identified compound indicators: work value is within statutory procurement threshold limits with photographic asset overlap. Field verification team instructed to obtain physical measurement sheet.,Dispatched field verification notice to district executive engineer
NOTE-DEMO-000051,CASE-MPLADS-DEMO-000412,R. Verma (Auditor),AUDITOR,2024-05-05T14:30:00,"Due to unresolved evidence discrepancies between registered GPS coordinates and uploaded completion photo EXIF, case escalated for Senior District Magistrate review and multi-department joint physical verification.",Escalated to State Audit Directorate
NOTE-DEMO-000052,CASE-MPLADS-DEMO-000413,P. Patel (Senior Audit Officer),SENIOR_AUDITOR,2024-04-28T13:30:00,Initiated comprehensive audit desk review for project MPLADS-DEMO-000413 in district Nagpur. Cross-referenced initial administrative sanction against public procurement schedules.,Administrative records retrieved and indexed
NOTE-DEMO-000053,CASE-MPLADS-DEMO-000413,P. Patel (Senior Audit Officer),SENIOR_AUDITOR,2024-05-02T14:30:00,Detailed analysis identified compound indicators: work value is within statutory procurement threshold limits with photographic asset overlap. Field verification team instructed to obtain physical measurement sheet.,Dispatched field verification notice to district executive engineer
NOTE-DEMO-000054,CASE-MPLADS-DEMO-000413,P. Patel (Senior Audit Officer),SENIOR_AUDITOR,2024-05-06T14:30:00,"Due to unresolved evidence discrepancies between registered GPS coordinates and uploaded completion photo EXIF, case escalated for Senior District Magistrate review and multi-department joint physical verification.",Escalated to State Audit Directorate
NOTE-DEMO-000055,CASE-MPLADS-DEMO-000414,Dr. K. Rao (Lead Forensic Auditor),LEAD_INVESTIGATOR,2024-04-29T14:30:00,Initiated comprehensive audit desk review for project MPLADS-DEMO-000414 in district Nagpur. Cross-referenced initial administrative sanction against public procurement schedules.,Administrative records retrieved and indexed
NOTE-DEMO-000056,CASE-MPLADS-DEMO-000414,Dr. K. Rao (Lead Forensic Auditor),LEAD_INVESTIGATOR,2024-05-03T11:30:00,Detailed analysis identified compound indicators: work value is within statutory procurement threshold limits with photographic asset overlap. Field verification team instructed to obtain physical measurement sheet.,Dispatched field verification notice to district executive engineer
NOTE-DEMO-000057,CASE-MPLADS-DEMO-000414,Dr. K. Rao (Lead Forensic Auditor),LEAD_INVESTIGATOR,2024-05-07T15:30:00,Under active evaluation. Awaiting response from regional PWD division regarding revised technical estimate.,Follow-up reminder transmitted
NOTE-DEMO-000058,CASE-MPLADS-DEMO-000415,A. Sharma (District Monitoring Officer),DISTRICT_OFFICER,2024-04-30T14:30:00,Initiated comprehensive audit desk review for project MPLADS-DEMO-000415 in district Nagpur. Cross-referenced initial administrative sanction against public procurement schedules.,Administrative records retrieved and indexed
NOTE-DEMO-000059,CASE-MPLADS-DEMO-000415,A. Sharma (District Monitoring Officer),DISTRICT_OFFICER,2024-05-04T14:30:00,Detailed analysis identified compound indicators: work value is within statutory procurement threshold limits with photographic asset overlap. Field verification team instructed to obtain physical measurement sheet.,Dispatched field verification notice to district executive engineer
NOTE-DEMO-000060,CASE-MPLADS-DEMO-000415,A. Sharma (District Monitoring Officer),DISTRICT_OFFICER,2024-05-08T14:30:00,Under active evaluation. Awaiting response from regional PWD division regarding revised technical estimate.,Follow-up reminder transmitted
NOTE-DEMO-000061,CASE-MPLADS-DEMO-000416,R. Verma (Auditor),AUDITOR,2024-05-01T12:30:00,Initiated comprehensive audit desk review for project MPLADS-DEMO-000416 in district Jaipur. Cross-referenced initial administrative sanction against public procurement schedules.,Administrative records retrieved and indexed
NOTE-DEMO-000062,CASE-MPLADS-DEMO-000416,R. Verma (Auditor),AUDITOR,2024-05-05T15:30:00,Detailed analysis identified compound indicators: work value is within statutory procurement threshold limits with photographic asset overlap. Field verification team instructed to obtain physical measurement sheet.,Dispatched field verification notice to district executive engineer
NOTE-DEMO-000063,CASE-MPLADS-DEMO-000416,R. Verma (Auditor),AUDITOR,2024-05-09T15:30:00,"Due to unresolved evidence discrepancies between registered GPS coordinates and uploaded completion photo EXIF, case escalated for Senior District Magistrate review and multi-department joint physical verification.",Escalated to State Audit Directorate
NOTE-DEMO-000064,CASE-MPLADS-DEMO-000417,P. Patel (Senior Audit Officer),SENIOR_AUDITOR,2024-05-02T15:30:00,Initiated comprehensive audit desk review for project MPLADS-DEMO-000417 in district Jaipur. Cross-referenced initial administrative sanction against public procurement schedules.,Administrative records retrieved and indexed
NOTE-DEMO-000065,CASE-MPLADS-DEMO-000417,P. Patel (Senior Audit Officer),SENIOR_AUDITOR,2024-05-06T13:30:00,Detailed analysis identified compound indicators: work value is within statutory procurement threshold limits with photographic asset overlap. Field verification team instructed to obtain physical measurement sheet.,Dispatched field verification notice to district executive engineer
NOTE-DEMO-000066,CASE-MPLADS-DEMO-000417,P. Patel (Senior Audit Officer),SENIOR_AUDITOR,2024-05-10T12:30:00,Under active evaluation. Awaiting response from regional PWD division regarding revised technical estimate.,Follow-up reminder transmitted
NOTE-DEMO-000067,CASE-MPLADS-DEMO-000418,Dr. K. Rao (Lead Forensic Auditor),LEAD_INVESTIGATOR,2024-05-03T15:30:00,Initiated comprehensive audit desk review for project MPLADS-DEMO-000418 in district Jaipur. Cross-referenced initial administrative sanction against public procurement schedules.,Administrative records retrieved and indexed
NOTE-DEMO-000068,CASE-MPLADS-DEMO-000418,Dr. K. Rao (Lead Forensic Auditor),LEAD_INVESTIGATOR,2024-05-07T12:30:00,Detailed analysis identified compound indicators: work value is within statutory procurement threshold limits with photographic asset overlap. Field verification team instructed to obtain physical measurement sheet.,Dispatched field verification notice to district executive engineer
NOTE-DEMO-000069,CASE-MPLADS-DEMO-000418,Dr. K. Rao (Lead Forensic Auditor),LEAD_INVESTIGATOR,2024-05-11T15:30:00,Under active evaluation. Awaiting response from regional PWD division regarding revised technical estimate.,Follow-up reminder transmitted
NOTE-DEMO-000070,CASE-MPLADS-DEMO-000419,A. Sharma (District Monitoring Officer),DISTRICT_OFFICER,2024-05-04T14:30:00,Initiated comprehensive audit desk review for project MPLADS-DEMO-000419 in district Jaipur. Cross-referenced initial administrative sanction against public procurement schedules.,Administrative records retrieved and indexed
NOTE-DEMO-000071,CASE-MPLADS-DEMO-000419,A. Sharma (District Monitoring Officer),DISTRICT_OFFICER,2024-05-08T13:30:00,Detailed analysis identified compound indicators: work value is within statutory procurement threshold limits with photographic asset overlap. Field verification team instructed to obtain physical measurement sheet.,Dispatched field verification notice to district executive engineer
NOTE-DEMO-000072,CASE-MPLADS-DEMO-000419,A. Sharma (District Monitoring Officer),DISTRICT_OFFICER,2024-05-12T11:30:00,"Due to unresolved evidence discrepancies between registered GPS coordinates and uploaded completion photo EXIF, case escalated for Senior District Magistrate review and multi-department joint physical verification.",Escalated to State Audit Directorate
NOTE-DEMO-000073,CASE-MPLADS-DEMO-000420,R. Verma (Auditor),AUDITOR,2024-05-05T13:30:00,Initiated comprehensive audit desk review for project MPLADS-DEMO-000420 in district Jaipur. Cross-referenced initial administrative sanction against public procurement schedules.,Administrative records retrieved and indexed
NOTE-DEMO-000074,CASE-MPLADS-DEMO-000420,R. Verma (Auditor),AUDITOR,2024-05-09T12:30:00,Detailed analysis identified compound indicators: work value is within statutory procurement threshold limits with photographic asset overlap. Field verification team instructed to obtain physical measurement sheet.,Dispatched field verification notice to district executive engineer
NOTE-DEMO-000075,CASE-MPLADS-DEMO-000420,R. Verma (Auditor),AUDITOR,2024-05-13T14:30:00,Under active evaluation. Awaiting response from regional PWD division regarding revised technical estimate.,Follow-up reminder transmitted
NOTE-DEMO-000076,CASE-MPLADS-DEMO-000421,P. Patel (Senior Audit Officer),SENIOR_AUDITOR,2024-05-06T11:30:00,Initiated comprehensive audit desk review for project MPLADS-DEMO-000421 in district Jaipur. Cross-referenced initial administrative sanction against public procurement schedules.,Administrative records retrieved and indexed
NOTE-DEMO-000077,CASE-MPLADS-DEMO-000421,P. Patel (Senior Audit Officer),SENIOR_AUDITOR,2024-05-10T13:30:00,Detailed analysis identified compound indicators: work value is within statutory procurement threshold limits with photographic asset overlap. Field verification team instructed to obtain physical measurement sheet.,Dispatched field verification notice to district executive engineer
NOTE-DEMO-000078,CASE-MPLADS-DEMO-000421,P. Patel (Senior Audit Officer),SENIOR_AUDITOR,2024-05-14T14:30:00,"Due to unresolved evidence discrepancies between registered GPS coordinates and uploaded completion photo EXIF, case escalated for Senior District Magistrate review and multi-department joint physical verification.",Escalated to State Audit Directorate
NOTE-DEMO-000079,CASE-MPLADS-DEMO-000422,Dr. K. Rao (Lead Forensic Auditor),LEAD_INVESTIGATOR,2024-05-07T12:30:00,Initiated comprehensive audit desk review for project MPLADS-DEMO-000422 in district Jaipur. Cross-referenced initial administrative sanction against public procurement schedules.,Administrative records retrieved and indexed
NOTE-DEMO-000080,CASE-MPLADS-DEMO-000422,Dr. K. Rao (Lead Forensic Auditor),LEAD_INVESTIGATOR,2024-05-11T11:30:00,Detailed analysis identified compound indicators: work value is within statutory procurement threshold limits with photographic asset overlap. Field verification team instructed to obtain physical measurement sheet.,Dispatched field verification notice to district executive engineer
NOTE-DEMO-000081,CASE-MPLADS-DEMO-000422,Dr. K. Rao (Lead Forensic Auditor),LEAD_INVESTIGATOR,2024-05-15T14:30:00,Under active evaluation. Awaiting response from regional PWD division regarding revised technical estimate.,Follow-up reminder transmitted
NOTE-DEMO-000082,CASE-MPLADS-DEMO-000423,A. Sharma (District Monitoring Officer),DISTRICT_OFFICER,2024-05-08T15:30:00,Initiated comprehensive audit desk review for project MPLADS-DEMO-000423 in district Jaipur. Cross-referenced initial administrative sanction against public procurement schedules.,Administrative records retrieved and indexed
NOTE-DEMO-000083,CASE-MPLADS-DEMO-000423,A. Sharma (District Monitoring Officer),DISTRICT_OFFICER,2024-05-12T13:30:00,Detailed analysis identified compound indicators: work value is within statutory procurement threshold limits with photographic asset overlap. Field verification team instructed to obtain physical measurement sheet.,Dispatched field verification notice to district executive engineer
NOTE-DEMO-000084,CASE-MPLADS-DEMO-000423,A. Sharma (District Monitoring Officer),DISTRICT_OFFICER,2024-05-16T11:30:00,Under active evaluation. Awaiting response from regional PWD division regarding revised technical estimate.,Follow-up reminder transmitted
NOTE-DEMO-000085,CASE-MPLADS-DEMO-000424,R. Verma (Auditor),AUDITOR,2024-05-09T11:30:00,Initiated comprehensive audit desk review for project MPLADS-DEMO-000424 in district Jaipur. Cross-referenced initial administrative sanction against public procurement schedules.,Administrative records retrieved and indexed
NOTE-DEMO-000086,CASE-MPLADS-DEMO-000424,R. Verma (Auditor),AUDITOR,2024-05-13T12:30:00,Detailed analysis identified compound indicators: work value is within statutory procurement threshold limits with photographic asset overlap. Field verification team instructed to obtain physical measurement sheet.,Dispatched field verification notice to district executive engineer
NOTE-DEMO-000087,CASE-MPLADS-DEMO-000424,R. Verma (Auditor),AUDITOR,2024-05-17T13:30:00,"Due to unresolved evidence discrepancies between registered GPS coordinates and uploaded completion photo EXIF, case escalated for Senior District Magistrate review and multi-department joint physical verification.",Escalated to State Audit Directorate
NOTE-DEMO-000088,CASE-MPLADS-DEMO-000425,P. Patel (Senior Audit Officer),SENIOR_AUDITOR,2024-05-10T13:30:00,Initiated comprehensive audit desk review for project MPLADS-DEMO-000425 in district Jaipur. Cross-referenced initial administrative sanction against public procurement schedules.,Administrative records retrieved and indexed
NOTE-DEMO-000089,CASE-MPLADS-DEMO-000425,P. Patel (Senior Audit Officer),SENIOR_AUDITOR,2024-05-14T13:30:00,Detailed analysis identified compound indicators: work value is within statutory procurement threshold limits with photographic asset overlap. Field verification team instructed to obtain physical measurement sheet.,Dispatched field verification notice to district executive engineer
NOTE-DEMO-000090,CASE-MPLADS-DEMO-000425,P. Patel (Senior Audit Officer),SENIOR_AUDITOR,2024-05-18T11:30:00,"Due to unresolved evidence discrepancies between registered GPS coordinates and uploaded completion photo EXIF, case escalated for Senior District Magistrate review and multi-department joint physical verification.",Escalated to State Audit Directorate
NOTE-DEMO-000091,CASE-MPLADS-DEMO-000071,Dr. K. Rao (Lead Forensic Auditor),LEAD_INVESTIGATOR,2024-05-11T15:30:00,Initiated comprehensive audit desk review for project MPLADS-DEMO-000071 in district Pune. Cross-referenced initial administrative sanction against public procurement schedules.,Administrative records retrieved and indexed
NOTE-DEMO-000092,CASE-MPLADS-DEMO-000071,Dr. K. Rao (Lead Forensic Auditor),LEAD_INVESTIGATOR,2024-05-15T15:30:00,Review highlighted significant divergence from sectoral expenditure benchmarks or spatial proximity to adjacent registered works. Supporting contractor sub-vouchers requested.,Requested itemized material procurement bills
NOTE-DEMO-000093,CASE-MPLADS-DEMO-000071,Dr. K. Rao (Lead Forensic Auditor),LEAD_INVESTIGATOR,2024-05-19T11:30:00,Under active evaluation. Awaiting response from regional PWD division regarding revised technical estimate.,Follow-up reminder transmitted
NOTE-DEMO-000094,CASE-MPLADS-DEMO-000072,A. Sharma (District Monitoring Officer),DISTRICT_OFFICER,2024-05-12T15:30:00,Initiated comprehensive audit desk review for project MPLADS-DEMO-000072 in district Salem. Cross-referenced initial administrative sanction against public procurement schedules.,Administrative records retrieved and indexed
NOTE-DEMO-000095,CASE-MPLADS-DEMO-000072,A. Sharma (District Monitoring Officer),DISTRICT_OFFICER,2024-05-16T14:30:00,Review highlighted significant divergence from sectoral expenditure benchmarks or spatial proximity to adjacent registered works. Supporting contractor sub-vouchers requested.,Requested itemized material procurement bills
NOTE-DEMO-000096,CASE-MPLADS-DEMO-000072,A. Sharma (District Monitoring Officer),DISTRICT_OFFICER,2024-05-20T11:30:00,"Due to unresolved evidence discrepancies between registered GPS coordinates and uploaded completion photo EXIF, case escalated for Senior District Magistrate review and multi-department joint physical verification.",Escalated to State Audit Directorate
NOTE-DEMO-000097,CASE-MPLADS-DEMO-000073,R. Verma (Auditor),AUDITOR,2024-05-13T11:30:00,Initiated comprehensive audit desk review for project MPLADS-DEMO-000073 in district Surat. Cross-referenced initial administrative sanction against public procurement schedules.,Administrative records retrieved and indexed
NOTE-DEMO-000098,CASE-MPLADS-DEMO-000073,R. Verma (Auditor),AUDITOR,2024-05-17T15:30:00,Review highlighted significant divergence from sectoral expenditure benchmarks or spatial proximity to adjacent registered works. Supporting contractor sub-vouchers requested.,Requested itemized material procurement bills
NOTE-DEMO-000099,CASE-MPLADS-DEMO-000073,R. Verma (Auditor),AUDITOR,2024-05-21T14:30:00,"Due to unresolved evidence discrepancies between registered GPS coordinates and uploaded completion photo EXIF, case escalated for Senior District Magistrate review and multi-department joint physical verification.",Escalated to State Audit Directorate
NOTE-DEMO-000100,CASE-MPLADS-DEMO-000074,P. Patel (Senior Audit Officer),SENIOR_AUDITOR,2024-05-14T12:30:00,Initiated comprehensive audit desk review for project MPLADS-DEMO-000074 in district Mysuru. Cross-referenced initial administrative sanction against public procurement schedules.,Administrative records retrieved and indexed
NOTE-DEMO-000101,CASE-MPLADS-DEMO-000074,P. Patel (Senior Audit Officer),SENIOR_AUDITOR,2024-05-18T11:30:00,Review highlighted significant divergence from sectoral expenditure benchmarks or spatial proximity to adjacent registered works. Supporting contractor sub-vouchers requested.,Requested itemized material procurement bills
NOTE-DEMO-000102,CASE-MPLADS-DEMO-000074,P. Patel (Senior Audit Officer),SENIOR_AUDITOR,2024-05-22T14:30:00,Under active evaluation. Awaiting response from regional PWD division regarding revised technical estimate.,Follow-up reminder transmitted
NOTE-DEMO-000103,CASE-MPLADS-DEMO-000075,Dr. K. Rao (Lead Forensic Auditor),LEAD_INVESTIGATOR,2024-05-15T14:30:00,Initiated comprehensive audit desk review for project MPLADS-DEMO-000075 in district Ganjam. Cross-referenced initial administrative sanction against public procurement schedules.,Administrative records retrieved and indexed
NOTE-DEMO-000104,CASE-MPLADS-DEMO-000075,Dr. K. Rao (Lead Forensic Auditor),LEAD_INVESTIGATOR,2024-05-19T13:30:00,Review highlighted significant divergence from sectoral expenditure benchmarks or spatial proximity to adjacent registered works. Supporting contractor sub-vouchers requested.,Requested itemized material procurement bills
NOTE-DEMO-000105,CASE-MPLADS-DEMO-000075,Dr. K. Rao (Lead Forensic Auditor),LEAD_INVESTIGATOR,2024-05-23T11:30:00,Under active evaluation. Awaiting response from regional PWD division regarding revised technical estimate.,Follow-up reminder transmitted
NOTE-DEMO-000106,CASE-MPLADS-DEMO-000076,A. Sharma (District Monitoring Officer),DISTRICT_OFFICER,2024-05-16T14:30:00,Initiated comprehensive audit desk review for project MPLADS-DEMO-000076 in district Varanasi. Cross-referenced initial administrative sanction against public procurement schedules.,Administrative records retrieved and indexed
NOTE-DEMO-000107,CASE-MPLADS-DEMO-000076,A. Sharma (District Monitoring Officer),DISTRICT_OFFICER,2024-05-20T15:30:00,Review highlighted significant divergence from sectoral expenditure benchmarks or spatial proximity to adjacent registered works. Supporting contractor sub-vouchers requested.,Requested itemized material procurement bills
NOTE-DEMO-000108,CASE-MPLADS-DEMO-000076,A. Sharma (District Monitoring Officer),DISTRICT_OFFICER,2024-05-24T15:30:00,Under active evaluation. Awaiting response from regional PWD division regarding revised technical estimate.,Follow-up reminder transmitted
NOTE-DEMO-000109,CASE-MPLADS-DEMO-000077,R. Verma (Auditor),AUDITOR,2024-05-17T14:30:00,Initiated comprehensive audit desk review for project MPLADS-DEMO-000077 in district Udaipur. Cross-referenced initial administrative sanction against public procurement schedules.,Administrative records retrieved and indexed
NOTE-DEMO-000110,CASE-MPLADS-DEMO-000077,R. Verma (Auditor),AUDITOR,2024-05-21T12:30:00,Review highlighted significant divergence from sectoral expenditure benchmarks or spatial proximity to adjacent registered works. Supporting contractor sub-vouchers requested.,Requested itemized material procurement bills
NOTE-DEMO-000111,CASE-MPLADS-DEMO-000077,R. Verma (Auditor),AUDITOR,2024-05-25T13:30:00,Under active evaluation. Awaiting response from regional PWD division regarding revised technical estimate.,Follow-up reminder transmitted
NOTE-DEMO-000112,CASE-MPLADS-DEMO-000078,P. Patel (Senior Audit Officer),SENIOR_AUDITOR,2024-05-18T13:30:00,Initiated comprehensive audit desk review for project MPLADS-DEMO-000078 in district Wayanad. Cross-referenced initial administrative sanction against public procurement schedules.,Administrative records retrieved and indexed
NOTE-DEMO-000113,CASE-MPLADS-DEMO-000078,P. Patel (Senior Audit Officer),SENIOR_AUDITOR,2024-05-22T11:30:00,Review highlighted significant divergence from sectoral expenditure benchmarks or spatial proximity to adjacent registered works. Supporting contractor sub-vouchers requested.,Requested itemized material procurement bills
NOTE-DEMO-000114,CASE-MPLADS-DEMO-000078,P. Patel (Senior Audit Officer),SENIOR_AUDITOR,2024-05-26T11:30:00,Under active evaluation. Awaiting response from regional PWD division regarding revised technical estimate.,Follow-up reminder transmitted
NOTE-DEMO-000115,CASE-MPLADS-DEMO-000079,Dr. K. Rao (Lead Forensic Auditor),LEAD_INVESTIGATOR,2024-05-19T14:30:00,Initiated comprehensive audit desk review for project MPLADS-DEMO-000079 in district Pune. Cross-referenced initial administrative sanction against public procurement schedules.,Administrative records retrieved and indexed
NOTE-DEMO-000116,CASE-MPLADS-DEMO-000079,Dr. K. Rao (Lead Forensic Auditor),LEAD_INVESTIGATOR,2024-05-23T11:30:00,Review highlighted significant divergence from sectoral expenditure benchmarks or spatial proximity to adjacent registered works. Supporting contractor sub-vouchers requested.,Requested itemized material procurement bills
NOTE-DEMO-000117,CASE-MPLADS-DEMO-000079,Dr. K. Rao (Lead Forensic Auditor),LEAD_INVESTIGATOR,2024-05-27T11:30:00,Under active evaluation. Awaiting response from regional PWD division regarding revised technical estimate.,Follow-up reminder transmitted
NOTE-DEMO-000118,CASE-MPLADS-DEMO-000080,A. Sharma (District Monitoring Officer),DISTRICT_OFFICER,2024-05-20T12:30:00,Initiated comprehensive audit desk review for project MPLADS-DEMO-000080 in district Mysuru. Cross-referenced initial administrative sanction against public procurement schedules.,Administrative records retrieved and indexed
NOTE-DEMO-000119,CASE-MPLADS-DEMO-000080,A. Sharma (District Monitoring Officer),DISTRICT_OFFICER,2024-05-24T11:30:00,Review highlighted significant divergence from sectoral expenditure benchmarks or spatial proximity to adjacent registered works. Supporting contractor sub-vouchers requested.,Requested itemized material procurement bills
NOTE-DEMO-000120,CASE-MPLADS-DEMO-000080,A. Sharma (District Monitoring Officer),DISTRICT_OFFICER,2024-05-28T13:30:00,Under active evaluation. Awaiting response from regional PWD division regarding revised technical estimate.,Follow-up reminder transmitted
NOTE-DEMO-000121,CASE-MPLADS-DEMO-000081,R. Verma (Auditor),AUDITOR,2024-05-21T13:30:00,Initiated comprehensive audit desk review for project MPLADS-DEMO-000081 in district Gorakhpur. Cross-referenced initial administrative sanction against public procurement schedules.,Administrative records retrieved and indexed
NOTE-DEMO-000122,CASE-MPLADS-DEMO-000081,R. Verma (Auditor),AUDITOR,2024-05-25T15:30:00,Review highlighted significant divergence from sectoral expenditure benchmarks or spatial proximity to adjacent registered works. Supporting contractor sub-vouchers requested.,Requested itemized material procurement bills
NOTE-DEMO-000123,CASE-MPLADS-DEMO-000081,R. Verma (Auditor),AUDITOR,2024-05-29T14:30:00,Under active evaluation. Awaiting response from regional PWD division regarding revised technical estimate.,Follow-up reminder transmitted
NOTE-DEMO-000124,CASE-MPLADS-DEMO-000082,P. Patel (Senior Audit Officer),SENIOR_AUDITOR,2024-05-22T11:30:00,Initiated comprehensive audit desk review for project MPLADS-DEMO-000082 in district Ernakulam. Cross-referenced initial administrative sanction against public procurement schedules.,Administrative records retrieved and indexed
NOTE-DEMO-000125,CASE-MPLADS-DEMO-000082,P. Patel (Senior Audit Officer),SENIOR_AUDITOR,2024-05-26T11:30:00,Review highlighted significant divergence from sectoral expenditure benchmarks or spatial proximity to adjacent registered works. Supporting contractor sub-vouchers requested.,Requested itemized material procurement bills
NOTE-DEMO-000126,CASE-MPLADS-DEMO-000082,P. Patel (Senior Audit Officer),SENIOR_AUDITOR,2024-05-30T11:30:00,Under active evaluation. Awaiting response from regional PWD division regarding revised technical estimate.,Follow-up reminder transmitted
NOTE-DEMO-000127,CASE-MPLADS-DEMO-000301,Dr. K. Rao (Lead Forensic Auditor),LEAD_INVESTIGATOR,2024-05-23T13:30:00,Initiated comprehensive audit desk review for project MPLADS-DEMO-000301 in district Rajkot. Cross-referenced initial administrative sanction against public procurement schedules.,Administrative records retrieved and indexed
NOTE-DEMO-000128,CASE-MPLADS-DEMO-000301,Dr. K. Rao (Lead Forensic Auditor),LEAD_INVESTIGATOR,2024-05-27T15:30:00,Review highlighted significant divergence from sectoral expenditure benchmarks or spatial proximity to adjacent registered works. Supporting contractor sub-vouchers requested.,Requested itemized material procurement bills
NOTE-DEMO-000129,CASE-MPLADS-DEMO-000301,Dr. K. Rao (Lead Forensic Auditor),LEAD_INVESTIGATOR,2024-05-31T15:30:00,"Due to unresolved evidence discrepancies between registered GPS coordinates and uploaded completion photo EXIF, case escalated for Senior District Magistrate review and multi-department joint physical verification.",Escalated to State Audit Directorate
NOTE-DEMO-000130,CASE-MPLADS-DEMO-000302,A. Sharma (District Monitoring Officer),DISTRICT_OFFICER,2024-05-24T13:30:00,Initiated comprehensive audit desk review for project MPLADS-DEMO-000302 in district Rajkot. Cross-referenced initial administrative sanction against public procurement schedules.,Administrative records retrieved and indexed
NOTE-DEMO-000131,CASE-MPLADS-DEMO-000302,A. Sharma (District Monitoring Officer),DISTRICT_OFFICER,2024-05-28T12:30:00,Review highlighted significant divergence from sectoral expenditure benchmarks or spatial proximity to adjacent registered works. Supporting contractor sub-vouchers requested.,Requested itemized material procurement bills
NOTE-DEMO-000132,CASE-MPLADS-DEMO-000302,A. Sharma (District Monitoring Officer),DISTRICT_OFFICER,2024-06-01T15:30:00,Under active evaluation. Awaiting response from regional PWD division regarding revised technical estimate.,Follow-up reminder transmitted
NOTE-DEMO-000133,CASE-MPLADS-DEMO-000303,R. Verma (Auditor),AUDITOR,2024-05-25T13:30:00,Initiated comprehensive audit desk review for project MPLADS-DEMO-000303 in district Rajkot. Cross-referenced initial administrative sanction against public procurement schedules.,Administrative records retrieved and indexed
NOTE-DEMO-000134,CASE-MPLADS-DEMO-000303,R. Verma (Auditor),AUDITOR,2024-05-29T13:30:00,Review highlighted significant divergence from sectoral expenditure benchmarks or spatial proximity to adjacent registered works. Supporting contractor sub-vouchers requested.,Requested itemized material procurement bills
NOTE-DEMO-000135,CASE-MPLADS-DEMO-000303,R. Verma (Auditor),AUDITOR,2024-06-02T12:30:00,Under active evaluation. Awaiting response from regional PWD division regarding revised technical estimate.,Follow-up reminder transmitted
NOTE-DEMO-000136,CASE-MPLADS-DEMO-000304,P. Patel (Senior Audit Officer),SENIOR_AUDITOR,2024-05-26T15:30:00,Initiated comprehensive audit desk review for project MPLADS-DEMO-000304 in district Rajkot. Cross-referenced initial administrative sanction against public procurement schedules.,Administrative records retrieved and indexed
NOTE-DEMO-000137,CASE-MPLADS-DEMO-000304,P. Patel (Senior Audit Officer),SENIOR_AUDITOR,2024-05-30T13:30:00,Review highlighted significant divergence from sectoral expenditure benchmarks or spatial proximity to adjacent registered works. Supporting contractor sub-vouchers requested.,Requested itemized material procurement bills
NOTE-DEMO-000138,CASE-MPLADS-DEMO-000304,P. Patel (Senior Audit Officer),SENIOR_AUDITOR,2024-06-03T12:30:00,Under active evaluation. Awaiting response from regional PWD division regarding revised technical estimate.,Follow-up reminder transmitted
NOTE-DEMO-000139,CASE-MPLADS-DEMO-000305,Dr. K. Rao (Lead Forensic Auditor),LEAD_INVESTIGATOR,2024-05-27T14:30:00,Initiated comprehensive audit desk review for project MPLADS-DEMO-000305 in district Rajkot. Cross-referenced initial administrative sanction against public procurement schedules.,Administrative records retrieved and indexed
NOTE-DEMO-000140,CASE-MPLADS-DEMO-000305,Dr. K. Rao (Lead Forensic Auditor),LEAD_INVESTIGATOR,2024-05-31T13:30:00,Review highlighted significant divergence from sectoral expenditure benchmarks or spatial proximity to adjacent registered works. Supporting contractor sub-vouchers requested.,Requested itemized material procurement bills
NOTE-DEMO-000141,CASE-MPLADS-DEMO-000305,Dr. K. Rao (Lead Forensic Auditor),LEAD_INVESTIGATOR,2024-06-04T11:30:00,Under active evaluation. Awaiting response from regional PWD division regarding revised technical estimate.,Follow-up reminder transmitted
NOTE-DEMO-000142,CASE-MPLADS-DEMO-000306,A. Sharma (District Monitoring Officer),DISTRICT_OFFICER,2024-05-28T13:30:00,Initiated comprehensive audit desk review for project MPLADS-DEMO-000306 in district Rajkot. Cross-referenced initial administrative sanction against public procurement schedules.,Administrative records retrieved and indexed
NOTE-DEMO-000143,CASE-MPLADS-DEMO-000306,A. Sharma (District Monitoring Officer),DISTRICT_OFFICER,2024-06-01T11:30:00,Review highlighted significant divergence from sectoral expenditure benchmarks or spatial proximity to adjacent registered works. Supporting contractor sub-vouchers requested.,Requested itemized material procurement bills
NOTE-DEMO-000144,CASE-MPLADS-DEMO-000306,A. Sharma (District Monitoring Officer),DISTRICT_OFFICER,2024-06-05T13:30:00,Under active evaluation. Awaiting response from regional PWD division regarding revised technical estimate.,Follow-up reminder transmitted
NOTE-DEMO-000145,CASE-MPLADS-DEMO-000307,R. Verma (Auditor),AUDITOR,2024-05-29T14:30:00,Initiated comprehensive audit desk review for project MPLADS-DEMO-000307 in district Varanasi. Cross-referenced initial administrative sanction against public procurement schedules.,Administrative records retrieved and indexed
NOTE-DEMO-000146,CASE-MPLADS-DEMO-000307,R. Verma (Auditor),AUDITOR,2024-06-02T15:30:00,Review highlighted significant divergence from sectoral expenditure benchmarks or spatial proximity to adjacent registered works. Supporting contractor sub-vouchers requested.,Requested itemized material procurement bills
NOTE-DEMO-000147,CASE-MPLADS-DEMO-000307,R. Verma (Auditor),AUDITOR,2024-06-06T12:30:00,Under active evaluation. Awaiting response from regional PWD division regarding revised technical estimate.,Follow-up reminder transmitted
NOTE-DEMO-000148,CASE-MPLADS-DEMO-000308,P. Patel (Senior Audit Officer),SENIOR_AUDITOR,2024-05-30T15:30:00,Initiated comprehensive audit desk review for project MPLADS-DEMO-000308 in district Varanasi. Cross-referenced initial administrative sanction against public procurement schedules.,Administrative records retrieved and indexed
NOTE-DEMO-000149,CASE-MPLADS-DEMO-000308,P. Patel (Senior Audit Officer),SENIOR_AUDITOR,2024-06-03T15:30:00,Review highlighted significant divergence from sectoral expenditure benchmarks or spatial proximity to adjacent registered works. Supporting contractor sub-vouchers requested.,Requested itemized material procurement bills
NOTE-DEMO-000150,CASE-MPLADS-DEMO-000308,P. Patel (Senior Audit Officer),SENIOR_AUDITOR,2024-06-07T14:30:00,Under active evaluation. Awaiting response from regional PWD division regarding revised technical estimate.,Follow-up reminder transmitted
NOTE-DEMO-000151,CASE-MPLADS-DEMO-000309,Dr. K. Rao (Lead Forensic Auditor),LEAD_INVESTIGATOR,2024-05-31T11:30:00,Initiated comprehensive audit desk review for project MPLADS-DEMO-000309 in district Varanasi. Cross-referenced initial administrative sanction against public procurement schedules.,Administrative records retrieved and indexed
NOTE-DEMO-000152,CASE-MPLADS-DEMO-000309,Dr. K. Rao (Lead Forensic Auditor),LEAD_INVESTIGATOR,2024-06-04T15:30:00,Review highlighted significant divergence from sectoral expenditure benchmarks or spatial proximity to adjacent registered works. Supporting contractor sub-vouchers requested.,Requested itemized material procurement bills
NOTE-DEMO-000153,CASE-MPLADS-DEMO-000309,Dr. K. Rao (Lead Forensic Auditor),LEAD_INVESTIGATOR,2024-06-08T13:30:00,Under active evaluation. Awaiting response from regional PWD division regarding revised technical estimate.,Follow-up reminder transmitted
NOTE-DEMO-000154,CASE-MPLADS-DEMO-000310,A. Sharma (District Monitoring Officer),DISTRICT_OFFICER,2024-06-01T14:30:00,Initiated comprehensive audit desk review for project MPLADS-DEMO-000310 in district Varanasi. Cross-referenced initial administrative sanction against public procurement schedules.,Administrative records retrieved and indexed
NOTE-DEMO-000155,CASE-MPLADS-DEMO-000310,A. Sharma (District Monitoring Officer),DISTRICT_OFFICER,2024-06-05T13:30:00,Review highlighted significant divergence from sectoral expenditure benchmarks or spatial proximity to adjacent registered works. Supporting contractor sub-vouchers requested.,Requested itemized material procurement bills
NOTE-DEMO-000156,CASE-MPLADS-DEMO-000310,A. Sharma (District Monitoring Officer),DISTRICT_OFFICER,2024-06-09T15:30:00,Under active evaluation. Awaiting response from regional PWD division regarding revised technical estimate.,Follow-up reminder transmitted
NOTE-DEMO-000157,CASE-MPLADS-DEMO-000311,R. Verma (Auditor),AUDITOR,2024-06-02T15:30:00,Initiated comprehensive audit desk review for project MPLADS-DEMO-000311 in district Varanasi. Cross-referenced initial administrative sanction against public procurement schedules.,Administrative records retrieved and indexed
NOTE-DEMO-000158,CASE-MPLADS-DEMO-000311,R. Verma (Auditor),AUDITOR,2024-06-06T13:30:00,Review highlighted significant divergence from sectoral expenditure benchmarks or spatial proximity to adjacent registered works. Supporting contractor sub-vouchers requested.,Requested itemized material procurement bills
NOTE-DEMO-000159,CASE-MPLADS-DEMO-000311,R. Verma (Auditor),AUDITOR,2024-06-10T15:30:00,"Due to unresolved evidence discrepancies between registered GPS coordinates and uploaded completion photo EXIF, case escalated for Senior District Magistrate review and multi-department joint physical verification.",Escalated to State Audit Directorate
NOTE-DEMO-000160,CASE-MPLADS-DEMO-000312,P. Patel (Senior Audit Officer),SENIOR_AUDITOR,2024-06-03T13:30:00,Initiated comprehensive audit desk review for project MPLADS-DEMO-000312 in district Varanasi. Cross-referenced initial administrative sanction against public procurement schedules.,Administrative records retrieved and indexed
NOTE-DEMO-000161,CASE-MPLADS-DEMO-000312,P. Patel (Senior Audit Officer),SENIOR_AUDITOR,2024-06-07T13:30:00,Review highlighted significant divergence from sectoral expenditure benchmarks or spatial proximity to adjacent registered works. Supporting contractor sub-vouchers requested.,Requested itemized material procurement bills
NOTE-DEMO-000162,CASE-MPLADS-DEMO-000312,P. Patel (Senior Audit Officer),SENIOR_AUDITOR,2024-06-11T15:30:00,"Due to unresolved evidence discrepancies between registered GPS coordinates and uploaded completion photo EXIF, case escalated for Senior District Magistrate review and multi-department joint physical verification.",Escalated to State Audit Directorate
NOTE-DEMO-000163,CASE-MPLADS-DEMO-000601,Dr. K. Rao (Lead Forensic Auditor),LEAD_INVESTIGATOR,2024-06-04T12:30:00,Initiated comprehensive audit desk review for project MPLADS-DEMO-000601 in district Indore. Cross-referenced initial administrative sanction against public procurement schedules.,Administrative records retrieved and indexed
NOTE-DEMO-000164,CASE-MPLADS-DEMO-000601,Dr. K. Rao (Lead Forensic Auditor),LEAD_INVESTIGATOR,2024-06-08T13:30:00,Review highlighted significant divergence from sectoral expenditure benchmarks or spatial proximity to adjacent registered works. Supporting contractor sub-vouchers requested.,Requested itemized material procurement bills
NOTE-DEMO-000165,CASE-MPLADS-DEMO-000601,Dr. K. Rao (Lead Forensic Auditor),LEAD_INVESTIGATOR,2024-06-12T15:30:00,"Due to unresolved evidence discrepancies between registered GPS coordinates and uploaded completion photo EXIF, case escalated for Senior District Magistrate review and multi-department joint physical verification.",Escalated to State Audit Directorate
NOTE-DEMO-000166,CASE-MPLADS-DEMO-000602,A. Sharma (District Monitoring Officer),DISTRICT_OFFICER,2024-06-05T11:30:00,Initiated comprehensive audit desk review for project MPLADS-DEMO-000602 in district Ernakulam. Cross-referenced initial administrative sanction against public procurement schedules.,Administrative records retrieved and indexed
NOTE-DEMO-000167,CASE-MPLADS-DEMO-000602,A. Sharma (District Monitoring Officer),DISTRICT_OFFICER,2024-06-09T13:30:00,Review highlighted significant divergence from sectoral expenditure benchmarks or spatial proximity to adjacent registered works. Supporting contractor sub-vouchers requested.,Requested itemized material procurement bills
NOTE-DEMO-000168,CASE-MPLADS-DEMO-000602,A. Sharma (District Monitoring Officer),DISTRICT_OFFICER,2024-06-13T14:30:00,Under active evaluation. Awaiting response from regional PWD division regarding revised technical estimate.,Follow-up reminder transmitted
NOTE-DEMO-000169,CASE-MPLADS-DEMO-000603,R. Verma (Auditor),AUDITOR,2024-06-06T11:30:00,Initiated comprehensive audit desk review for project MPLADS-DEMO-000603 in district Surat. Cross-referenced initial administrative sanction against public procurement schedules.,Administrative records retrieved and indexed
NOTE-DEMO-000170,CASE-MPLADS-DEMO-000603,R. Verma (Auditor),AUDITOR,2024-06-10T15:30:00,Review highlighted significant divergence from sectoral expenditure benchmarks or spatial proximity to adjacent registered works. Supporting contractor sub-vouchers requested.,Requested itemized material procurement bills
NOTE-DEMO-000171,CASE-MPLADS-DEMO-000603,R. Verma (Auditor),AUDITOR,2024-06-14T15:30:00,Under active evaluation. Awaiting response from regional PWD division regarding revised technical estimate.,Follow-up reminder transmitted
NOTE-DEMO-000172,CASE-MPLADS-DEMO-000604,P. Patel (Senior Audit Officer),SENIOR_AUDITOR,2024-06-07T12:30:00,Initiated comprehensive audit desk review for project MPLADS-DEMO-000604 in district Ernakulam. Cross-referenced initial administrative sanction against public procurement schedules.,Administrative records retrieved and indexed
NOTE-DEMO-000173,CASE-MPLADS-DEMO-000604,P. Patel (Senior Audit Officer),SENIOR_AUDITOR,2024-06-11T13:30:00,Review highlighted significant divergence from sectoral expenditure benchmarks or spatial proximity to adjacent registered works. Supporting contractor sub-vouchers requested.,Requested itemized material procurement bills
NOTE-DEMO-000174,CASE-MPLADS-DEMO-000604,P. Patel (Senior Audit Officer),SENIOR_AUDITOR,2024-06-15T13:30:00,"Due to unresolved evidence discrepancies between registered GPS coordinates and uploaded completion photo EXIF, case escalated for Senior District Magistrate review and multi-department joint physical verification.",Escalated to State Audit Directorate
NOTE-DEMO-000175,CASE-MPLADS-DEMO-000605,Dr. K. Rao (Lead Forensic Auditor),LEAD_INVESTIGATOR,2024-06-08T14:30:00,Initiated comprehensive audit desk review for project MPLADS-DEMO-000605 in district Dharwad. Cross-referenced initial administrative sanction against public procurement schedules.,Administrative records retrieved and indexed
NOTE-DEMO-000176,CASE-MPLADS-DEMO-000605,Dr. K. Rao (Lead Forensic Auditor),LEAD_INVESTIGATOR,2024-06-12T15:30:00,Review highlighted significant divergence from sectoral expenditure benchmarks or spatial proximity to adjacent registered works. Supporting contractor sub-vouchers requested.,Requested itemized material procurement bills
NOTE-DEMO-000177,CASE-MPLADS-DEMO-000605,Dr. K. Rao (Lead Forensic Auditor),LEAD_INVESTIGATOR,2024-06-16T11:30:00,Under active evaluation. Awaiting response from regional PWD division regarding revised technical estimate.,Follow-up reminder transmitted
NOTE-DEMO-000178,CASE-MPLADS-DEMO-000606,A. Sharma (District Monitoring Officer),DISTRICT_OFFICER,2024-06-09T11:30:00,Initiated comprehensive audit desk review for project MPLADS-DEMO-000606 in district Ernakulam. Cross-referenced initial administrative sanction against public procurement schedules.,Administrative records retrieved and indexed
NOTE-DEMO-000179,CASE-MPLADS-DEMO-000606,A. Sharma (District Monitoring Officer),DISTRICT_OFFICER,2024-06-13T15:30:00,Review highlighted significant divergence from sectoral expenditure benchmarks or spatial proximity to adjacent registered works. Supporting contractor sub-vouchers requested.,Requested itemized material procurement bills
NOTE-DEMO-000180,CASE-MPLADS-DEMO-000606,A. Sharma (District Monitoring Officer),DISTRICT_OFFICER,2024-06-17T13:30:00,Under active evaluation. Awaiting response from regional PWD division regarding revised technical estimate.,Follow-up reminder transmitted
NOTE-DEMO-000181,CASE-MPLADS-DEMO-000607,R. Verma (Auditor),AUDITOR,2024-04-11T14:30:00,Initiated comprehensive audit desk review for project MPLADS-DEMO-000607 in district Rajkot. Cross-referenced initial administrative sanction against public procurement schedules.,Administrative records retrieved and indexed
NOTE-DEMO-000182,CASE-MPLADS-DEMO-000607,R. Verma (Auditor),AUDITOR,2024-04-15T14:30:00,Review highlighted significant divergence from sectoral expenditure benchmarks or spatial proximity to adjacent registered works. Supporting contractor sub-vouchers requested.,Requested itemized material procurement bills
NOTE-DEMO-000183,CASE-MPLADS-DEMO-000607,R. Verma (Auditor),AUDITOR,2024-04-19T15:30:00,"Due to unresolved evidence discrepancies between registered GPS coordinates and uploaded completion photo EXIF, case escalated for Senior District Magistrate review and multi-department joint physical verification.",Escalated to State Audit Directorate
NOTE-DEMO-000184,CASE-MPLADS-DEMO-000608,P. Patel (Senior Audit Officer),SENIOR_AUDITOR,2024-04-12T12:30:00,Initiated comprehensive audit desk review for project MPLADS-DEMO-000608 in district Rajkot. Cross-referenced initial administrative sanction against public procurement schedules.,Administrative records retrieved and indexed
NOTE-DEMO-000185,CASE-MPLADS-DEMO-000608,P. Patel (Senior Audit Officer),SENIOR_AUDITOR,2024-04-16T11:30:00,Review highlighted significant divergence from sectoral expenditure benchmarks or spatial proximity to adjacent registered works. Supporting contractor sub-vouchers requested.,Requested itemized material procurement bills
NOTE-DEMO-000186,CASE-MPLADS-DEMO-000608,P. Patel (Senior Audit Officer),SENIOR_AUDITOR,2024-04-20T12:30:00,"Due to unresolved evidence discrepancies between registered GPS coordinates and uploaded completion photo EXIF, case escalated for Senior District Magistrate review and multi-department joint physical verification.",Escalated to State Audit Directorate
NOTE-DEMO-000187,CASE-MPLADS-DEMO-000609,Dr. K. Rao (Lead Forensic Auditor),LEAD_INVESTIGATOR,2024-04-13T15:30:00,Initiated comprehensive audit desk review for project MPLADS-DEMO-000609 in district Madurai. Cross-referenced initial administrative sanction against public procurement schedules.,Administrative records retrieved and indexed
NOTE-DEMO-000188,CASE-MPLADS-DEMO-000609,Dr. K. Rao (Lead Forensic Auditor),LEAD_INVESTIGATOR,2024-04-17T12:30:00,Review highlighted significant divergence from sectoral expenditure benchmarks or spatial proximity to adjacent registered works. Supporting contractor sub-vouchers requested.,Requested itemized material procurement bills
NOTE-DEMO-000189,CASE-MPLADS-DEMO-000609,Dr. K. Rao (Lead Forensic Auditor),LEAD_INVESTIGATOR,2024-04-21T11:30:00,Under active evaluation. Awaiting response from regional PWD division regarding revised technical estimate.,Follow-up reminder transmitted
NOTE-DEMO-000190,CASE-MPLADS-DEMO-000610,A. Sharma (District Monitoring Officer),DISTRICT_OFFICER,2024-04-14T13:30:00,Initiated comprehensive audit desk review for project MPLADS-DEMO-000610 in district Wayanad. Cross-referenced initial administrative sanction against public procurement schedules.,Administrative records retrieved and indexed
NOTE-DEMO-000191,CASE-MPLADS-DEMO-000610,A. Sharma (District Monitoring Officer),DISTRICT_OFFICER,2024-04-18T15:30:00,Review highlighted significant divergence from sectoral expenditure benchmarks or spatial proximity to adjacent registered works. Supporting contractor sub-vouchers requested.,Requested itemized material procurement bills
NOTE-DEMO-000192,CASE-MPLADS-DEMO-000610,A. Sharma (District Monitoring Officer),DISTRICT_OFFICER,2024-04-22T11:30:00,"Due to unresolved evidence discrepancies between registered GPS coordinates and uploaded completion photo EXIF, case escalated for Senior District Magistrate review and multi-department joint physical verification.",Escalated to State Audit Directorate
NOTE-DEMO-000193,CASE-MPLADS-DEMO-000611,R. Verma (Auditor),AUDITOR,2024-04-15T14:30:00,Initiated comprehensive audit desk review for project MPLADS-DEMO-000611 in district Nashik. Cross-referenced initial administrative sanction against public procurement schedules.,Administrative records retrieved and indexed
NOTE-DEMO-000194,CASE-MPLADS-DEMO-000611,R. Verma (Auditor),AUDITOR,2024-04-19T13:30:00,Review highlighted significant divergence from sectoral expenditure benchmarks or spatial proximity to adjacent registered works. Supporting contractor sub-vouchers requested.,Requested itemized material procurement bills
NOTE-DEMO-000195,CASE-MPLADS-DEMO-000611,R. Verma (Auditor),AUDITOR,2024-04-23T12:30:00,Under active evaluation. Awaiting response from regional PWD division regarding revised technical estimate.,Follow-up reminder transmitted
NOTE-DEMO-000196,CASE-MPLADS-DEMO-000612,P. Patel (Senior Audit Officer),SENIOR_AUDITOR,2024-04-16T11:30:00,Initiated comprehensive audit desk review for project MPLADS-DEMO-000612 in district Bhopal. Cross-referenced initial administrative sanction against public procurement schedules.,Administrative records retrieved and indexed
NOTE-DEMO-000197,CASE-MPLADS-DEMO-000612,P. Patel (Senior Audit Officer),SENIOR_AUDITOR,2024-04-20T13:30:00,Review highlighted significant divergence from sectoral expenditure benchmarks or spatial proximity to adjacent registered works. Supporting contractor sub-vouchers requested.,Requested itemized material procurement bills
NOTE-DEMO-000198,CASE-MPLADS-DEMO-000612,P. Patel (Senior Audit Officer),SENIOR_AUDITOR,2024-04-24T13:30:00,Under active evaluation. Awaiting response from regional PWD division regarding revised technical estimate.,Follow-up reminder transmitted
NOTE-DEMO-000199,CASE-MPLADS-DEMO-000613,Dr. K. Rao (Lead Forensic Auditor),LEAD_INVESTIGATOR,2024-04-17T15:30:00,Initiated comprehensive audit desk review for project MPLADS-DEMO-000613 in district Wayanad. Cross-referenced initial administrative sanction against public procurement schedules.,Administrative records retrieved and indexed
NOTE-DEMO-000200,CASE-MPLADS-DEMO-000613,Dr. K. Rao (Lead Forensic Auditor),LEAD_INVESTIGATOR,2024-04-21T11:30:00,Review highlighted significant divergence from sectoral expenditure benchmarks or spatial proximity to adjacent registered works. Supporting contractor sub-vouchers requested.,Requested itemized material procurement bills
NOTE-DEMO-000201,CASE-MPLADS-DEMO-000613,Dr. K. Rao (Lead Forensic Auditor),LEAD_INVESTIGATOR,2024-04-25T15:30:00,Under active evaluation. Awaiting response from regional PWD division regarding revised technical estimate.,Follow-up reminder transmitted
NOTE-DEMO-000202,CASE-MPLADS-DEMO-000614,A. Sharma (District Monitoring Officer),DISTRICT_OFFICER,2024-04-18T14:30:00,Initiated comprehensive audit desk review for project MPLADS-DEMO-000614 in district Ernakulam. Cross-referenced initial administrative sanction against public procurement schedules.,Administrative records retrieved and indexed
NOTE-DEMO-000203,CASE-MPLADS-DEMO-000614,A. Sharma (District Monitoring Officer),DISTRICT_OFFICER,2024-04-22T13:30:00,Review highlighted significant divergence from sectoral expenditure benchmarks or spatial proximity to adjacent registered works. Supporting contractor sub-vouchers requested.,Requested itemized material procurement bills
NOTE-DEMO-000204,CASE-MPLADS-DEMO-000614,A. Sharma (District Monitoring Officer),DISTRICT_OFFICER,2024-04-26T15:30:00,Under active evaluation. Awaiting response from regional PWD division regarding revised technical estimate.,Follow-up reminder transmitted
NOTE-DEMO-000205,CASE-MPLADS-DEMO-000615,R. Verma (Auditor),AUDITOR,2024-04-19T13:30:00,Initiated comprehensive audit desk review for project MPLADS-DEMO-000615 in district Karimnagar. Cross-referenced initial administrative sanction against public procurement schedules.,Administrative records retrieved and indexed
NOTE-DEMO-000206,CASE-MPLADS-DEMO-000615,R. Verma (Auditor),AUDITOR,2024-04-23T14:30:00,Review highlighted significant divergence from sectoral expenditure benchmarks or spatial proximity to adjacent registered works. Supporting contractor sub-vouchers requested.,Requested itemized material procurement bills
NOTE-DEMO-000207,CASE-MPLADS-DEMO-000615,R. Verma (Auditor),AUDITOR,2024-04-27T11:30:00,"Due to unresolved evidence discrepancies between registered GPS coordinates and uploaded completion photo EXIF, case escalated for Senior District Magistrate review and multi-department joint physical verification.",Escalated to State Audit Directorate
NOTE-DEMO-000208,CASE-MPLADS-DEMO-000616,P. Patel (Senior Audit Officer),SENIOR_AUDITOR,2024-04-20T14:30:00,Initiated comprehensive audit desk review for project MPLADS-DEMO-000616 in district Bengaluru Rural. Cross-referenced initial administrative sanction against public procurement schedules.,Administrative records retrieved and indexed
NOTE-DEMO-000209,CASE-MPLADS-DEMO-000616,P. Patel (Senior Audit Officer),SENIOR_AUDITOR,2024-04-24T11:30:00,Review highlighted significant divergence from sectoral expenditure benchmarks or spatial proximity to adjacent registered works. Supporting contractor sub-vouchers requested.,Requested itemized material procurement bills
NOTE-DEMO-000210,CASE-MPLADS-DEMO-000616,P. Patel (Senior Audit Officer),SENIOR_AUDITOR,2024-04-28T14:30:00,Under active evaluation. Awaiting response from regional PWD division regarding revised technical estimate.,Follow-up reminder transmitted
NOTE-DEMO-000211,CASE-MPLADS-DEMO-000051,Dr. K. Rao (Lead Forensic Auditor),LEAD_INVESTIGATOR,2024-04-21T12:30:00,Initiated comprehensive audit desk review for project MPLADS-DEMO-000051 in district Jabalpur. Cross-referenced initial administrative sanction against public procurement schedules.,Administrative records retrieved and indexed
NOTE-DEMO-000212,CASE-MPLADS-DEMO-000051,Dr. K. Rao (Lead Forensic Auditor),LEAD_INVESTIGATOR,2024-04-25T11:30:00,Routine verification of asset commissioning milestones. Verified contractor registration details and milestone certificate uploaded to portal.,Milestone documentation checked
NOTE-DEMO-000213,CASE-MPLADS-DEMO-000052,A. Sharma (District Monitoring Officer),DISTRICT_OFFICER,2024-04-22T14:30:00,Initiated comprehensive audit desk review for project MPLADS-DEMO-000052 in district Ernakulam. Cross-referenced initial administrative sanction against public procurement schedules.,Administrative records retrieved and indexed
NOTE-DEMO-000214,CASE-MPLADS-DEMO-000052,A. Sharma (District Monitoring Officer),DISTRICT_OFFICER,2024-04-26T12:30:00,Routine verification of asset commissioning milestones. Verified contractor registration details and milestone certificate uploaded to portal.,Milestone documentation checked
NOTE-DEMO-000215,CASE-MPLADS-DEMO-000053,R. Verma (Auditor),AUDITOR,2024-04-23T13:30:00,Initiated comprehensive audit desk review for project MPLADS-DEMO-000053 in district Ganjam. Cross-referenced initial administrative sanction against public procurement schedules.,Administrative records retrieved and indexed
NOTE-DEMO-000216,CASE-MPLADS-DEMO-000053,R. Verma (Auditor),AUDITOR,2024-04-27T13:30:00,Routine verification of asset commissioning milestones. Verified contractor registration details and milestone certificate uploaded to portal.,Milestone documentation checked
NOTE-DEMO-000217,CASE-MPLADS-DEMO-000054,P. Patel (Senior Audit Officer),SENIOR_AUDITOR,2024-04-24T14:30:00,Initiated comprehensive audit desk review for project MPLADS-DEMO-000054 in district Ahmedabad. Cross-referenced initial administrative sanction against public procurement schedules.,Administrative records retrieved and indexed
NOTE-DEMO-000218,CASE-MPLADS-DEMO-000054,P. Patel (Senior Audit Officer),SENIOR_AUDITOR,2024-04-28T14:30:00,Routine verification of asset commissioning milestones. Verified contractor registration details and milestone certificate uploaded to portal.,Milestone documentation checked
NOTE-DEMO-000219,CASE-MPLADS-DEMO-000055,Dr. K. Rao (Lead Forensic Auditor),LEAD_INVESTIGATOR,2024-04-25T15:30:00,Initiated comprehensive audit desk review for project MPLADS-DEMO-000055 in district Kozhikode. Cross-referenced initial administrative sanction against public procurement schedules.,Administrative records retrieved and indexed
NOTE-DEMO-000220,CASE-MPLADS-DEMO-000055,Dr. K. Rao (Lead Forensic Auditor),LEAD_INVESTIGATOR,2024-04-29T15:30:00,Routine verification of asset commissioning milestones. Verified contractor registration details and milestone certificate uploaded to portal.,Milestone documentation checked
NOTE-DEMO-000221,CASE-MPLADS-DEMO-000056,A. Sharma (District Monitoring Officer),DISTRICT_OFFICER,2024-04-26T13:30:00,Initiated comprehensive audit desk review for project MPLADS-DEMO-000056 in district Dharwad. Cross-referenced initial administrative sanction against public procurement schedules.,Administrative records retrieved and indexed
NOTE-DEMO-000222,CASE-MPLADS-DEMO-000056,A. Sharma (District Monitoring Officer),DISTRICT_OFFICER,2024-04-30T13:30:00,Routine verification of asset commissioning milestones. Verified contractor registration details and milestone certificate uploaded to portal.,Milestone documentation checked
NOTE-DEMO-000223,CASE-MPLADS-DEMO-000057,R. Verma (Auditor),AUDITOR,2024-04-27T14:30:00,Initiated comprehensive audit desk review for project MPLADS-DEMO-000057 in district Mysuru. Cross-referenced initial administrative sanction against public procurement schedules.,Administrative records retrieved and indexed
NOTE-DEMO-000224,CASE-MPLADS-DEMO-000057,R. Verma (Auditor),AUDITOR,2024-05-01T13:30:00,Routine verification of asset commissioning milestones. Verified contractor registration details and milestone certificate uploaded to portal.,Milestone documentation checked
NOTE-DEMO-000225,CASE-MPLADS-DEMO-000058,P. Patel (Senior Audit Officer),SENIOR_AUDITOR,2024-04-28T11:30:00,Initiated comprehensive audit desk review for project MPLADS-DEMO-000058 in district Wayanad. Cross-referenced initial administrative sanction against public procurement schedules.,Administrative records retrieved and indexed
NOTE-DEMO-000226,CASE-MPLADS-DEMO-000058,P. Patel (Senior Audit Officer),SENIOR_AUDITOR,2024-05-02T11:30:00,Routine verification of asset commissioning milestones. Verified contractor registration details and milestone certificate uploaded to portal.,Milestone documentation checked
NOTE-DEMO-000227,CASE-MPLADS-DEMO-000059,Dr. K. Rao (Lead Forensic Auditor),LEAD_INVESTIGATOR,2024-04-29T14:30:00,Initiated comprehensive audit desk review for project MPLADS-DEMO-000059 in district Nizamabad. Cross-referenced initial administrative sanction against public procurement schedules.,Administrative records retrieved and indexed
NOTE-DEMO-000228,CASE-MPLADS-DEMO-000059,Dr. K. Rao (Lead Forensic Auditor),LEAD_INVESTIGATOR,2024-05-03T11:30:00,Routine verification of asset commissioning milestones. Verified contractor registration details and milestone certificate uploaded to portal.,Milestone documentation checked
NOTE-DEMO-000229,CASE-MPLADS-DEMO-000060,A. Sharma (District Monitoring Officer),DISTRICT_OFFICER,2024-04-30T12:30:00,Initiated comprehensive audit desk review for project MPLADS-DEMO-000060 in district Bengaluru Rural. Cross-referenced initial administrative sanction against public procurement schedules.,Administrative records retrieved and indexed
NOTE-DEMO-000230,CASE-MPLADS-DEMO-000060,A. Sharma (District Monitoring Officer),DISTRICT_OFFICER,2024-05-04T14:30:00,Routine verification of asset commissioning milestones. Verified contractor registration details and milestone certificate uploaded to portal.,Milestone documentation checked
NOTE-DEMO-000231,CASE-MPLADS-DEMO-000111,R. Verma (Auditor),AUDITOR,2024-05-01T13:30:00,Initiated comprehensive audit desk review for project MPLADS-DEMO-000111 in district Karimnagar. Cross-referenced initial administrative sanction against public procurement schedules.,Administrative records retrieved and indexed
NOTE-DEMO-000232,CASE-MPLADS-DEMO-000111,R. Verma (Auditor),AUDITOR,2024-05-05T14:30:00,Routine verification of asset commissioning milestones. Verified contractor registration details and milestone certificate uploaded to portal.,Milestone documentation checked
NOTE-DEMO-000233,CASE-MPLADS-DEMO-000112,P. Patel (Senior Audit Officer),SENIOR_AUDITOR,2024-05-02T11:30:00,Initiated comprehensive audit desk review for project MPLADS-DEMO-000112 in district Ahmedabad. Cross-referenced initial administrative sanction against public procurement schedules.,Administrative records retrieved and indexed
NOTE-DEMO-000234,CASE-MPLADS-DEMO-000112,P. Patel (Senior Audit Officer),SENIOR_AUDITOR,2024-05-06T12:30:00,Routine verification of asset commissioning milestones. Verified contractor registration details and milestone certificate uploaded to portal.,Milestone documentation checked
NOTE-DEMO-000235,CASE-MPLADS-DEMO-000113,Dr. K. Rao (Lead Forensic Auditor),LEAD_INVESTIGATOR,2024-05-03T13:30:00,Initiated comprehensive audit desk review for project MPLADS-DEMO-000113 in district Dharwad. Cross-referenced initial administrative sanction against public procurement schedules.,Administrative records retrieved and indexed
NOTE-DEMO-000236,CASE-MPLADS-DEMO-000113,Dr. K. Rao (Lead Forensic Auditor),LEAD_INVESTIGATOR,2024-05-07T14:30:00,Routine verification of asset commissioning milestones. Verified contractor registration details and milestone certificate uploaded to portal.,Milestone documentation checked
NOTE-DEMO-000237,CASE-MPLADS-DEMO-000114,A. Sharma (District Monitoring Officer),DISTRICT_OFFICER,2024-05-04T13:30:00,Initiated comprehensive audit desk review for project MPLADS-DEMO-000114 in district Nizamabad. Cross-referenced initial administrative sanction against public procurement schedules.,Administrative records retrieved and indexed
NOTE-DEMO-000238,CASE-MPLADS-DEMO-000114,A. Sharma (District Monitoring Officer),DISTRICT_OFFICER,2024-05-08T14:30:00,Routine verification of asset commissioning milestones. Verified contractor registration details and milestone certificate uploaded to portal.,Milestone documentation checked
NOTE-DEMO-000239,CASE-MPLADS-DEMO-000115,R. Verma (Auditor),AUDITOR,2024-05-05T14:30:00,Initiated comprehensive audit desk review for project MPLADS-DEMO-000115 in district Dharwad. Cross-referenced initial administrative sanction against public procurement schedules.,Administrative records retrieved and indexed
NOTE-DEMO-000240,CASE-MPLADS-DEMO-000115,R. Verma (Auditor),AUDITOR,2024-05-09T15:30:00,Routine verification of asset commissioning milestones. Verified contractor registration details and milestone certificate uploaded to portal.,Milestone documentation checked
NOTE-DEMO-000241,CASE-MPLADS-DEMO-000116,P. Patel (Senior Audit Officer),SENIOR_AUDITOR,2024-05-06T12:30:00,Initiated comprehensive audit desk review for project MPLADS-DEMO-000116 in district Cuttack. Cross-referenced initial administrative sanction against public procurement schedules.,Administrative records retrieved and indexed
NOTE-DEMO-000242,CASE-MPLADS-DEMO-000116,P. Patel (Senior Audit Officer),SENIOR_AUDITOR,2024-05-10T11:30:00,Routine verification of asset commissioning milestones. Verified contractor registration details and milestone certificate uploaded to portal.,Milestone documentation checked
NOTE-DEMO-000243,CASE-MPLADS-DEMO-000117,Dr. K. Rao (Lead Forensic Auditor),LEAD_INVESTIGATOR,2024-05-07T13:30:00,Initiated comprehensive audit desk review for project MPLADS-DEMO-000117 in district Pune. Cross-referenced initial administrative sanction against public procurement schedules.,Administrative records retrieved and indexed
NOTE-DEMO-000244,CASE-MPLADS-DEMO-000117,Dr. K. Rao (Lead Forensic Auditor),LEAD_INVESTIGATOR,2024-05-11T15:30:00,Routine verification of asset commissioning milestones. Verified contractor registration details and milestone certificate uploaded to portal.,Milestone documentation checked
NOTE-DEMO-000245,CASE-MPLADS-DEMO-000118,A. Sharma (District Monitoring Officer),DISTRICT_OFFICER,2024-05-08T13:30:00,Initiated comprehensive audit desk review for project MPLADS-DEMO-000118 in district Surat. Cross-referenced initial administrative sanction against public procurement schedules.,Administrative records retrieved and indexed
NOTE-DEMO-000246,CASE-MPLADS-DEMO-000118,A. Sharma (District Monitoring Officer),DISTRICT_OFFICER,2024-05-12T12:30:00,Routine verification of asset commissioning milestones. Verified contractor registration details and milestone certificate uploaded to portal.,Milestone documentation checked
NOTE-DEMO-000247,CASE-MPLADS-DEMO-000119,R. Verma (Auditor),AUDITOR,2024-05-09T12:30:00,Initiated comprehensive audit desk review for project MPLADS-DEMO-000119 in district Bengaluru Rural. Cross-referenced initial administrative sanction against public procurement schedules.,Administrative records retrieved and indexed
NOTE-DEMO-000248,CASE-MPLADS-DEMO-000119,R. Verma (Auditor),AUDITOR,2024-05-13T12:30:00,Routine verification of asset commissioning milestones. Verified contractor registration details and milestone certificate uploaded to portal.,Milestone documentation checked
NOTE-DEMO-000249,CASE-MPLADS-DEMO-000120,P. Patel (Senior Audit Officer),SENIOR_AUDITOR,2024-05-10T12:30:00,Initiated comprehensive audit desk review for project MPLADS-DEMO-000120 in district Indore. Cross-referenced initial administrative sanction against public procurement schedules.,Administrative records retrieved and indexed
NOTE-DEMO-000250,CASE-MPLADS-DEMO-000120,P. Patel (Senior Audit Officer),SENIOR_AUDITOR,2024-05-14T11:30:00,Routine verification of asset commissioning milestones. Verified contractor registration details and milestone certificate uploaded to portal.,Milestone documentation checked
NOTE-DEMO-000251,CASE-MPLADS-DEMO-000151,Dr. K. Rao (Lead Forensic Auditor),LEAD_INVESTIGATOR,2024-05-11T14:30:00,Initiated comprehensive audit desk review for project MPLADS-DEMO-000151 in district Coimbatore. Cross-referenced initial administrative sanction against public procurement schedules.,Administrative records retrieved and indexed
NOTE-DEMO-000252,CASE-MPLADS-DEMO-000151,Dr. K. Rao (Lead Forensic Auditor),LEAD_INVESTIGATOR,2024-05-15T11:30:00,Routine verification of asset commissioning milestones. Verified contractor registration details and milestone certificate uploaded to portal.,Milestone documentation checked
NOTE-DEMO-000253,CASE-MPLADS-DEMO-000152,A. Sharma (District Monitoring Officer),DISTRICT_OFFICER,2024-05-12T13:30:00,Initiated comprehensive audit desk review for project MPLADS-DEMO-000152 in district Coimbatore. Cross-referenced initial administrative sanction against public procurement schedules.,Administrative records retrieved and indexed
NOTE-DEMO-000254,CASE-MPLADS-DEMO-000152,A. Sharma (District Monitoring Officer),DISTRICT_OFFICER,2024-05-16T13:30:00,Routine verification of asset commissioning milestones. Verified contractor registration details and milestone certificate uploaded to portal.,Milestone documentation checked
NOTE-DEMO-000255,CASE-MPLADS-DEMO-000153,R. Verma (Auditor),AUDITOR,2024-05-13T12:30:00,Initiated comprehensive audit desk review for project MPLADS-DEMO-000153 in district Pune. Cross-referenced initial administrative sanction against public procurement schedules.,Administrative records retrieved and indexed
NOTE-DEMO-000256,CASE-MPLADS-DEMO-000153,R. Verma (Auditor),AUDITOR,2024-05-17T11:30:00,Routine verification of asset commissioning milestones. Verified contractor registration details and milestone certificate uploaded to portal.,Milestone documentation checked
NOTE-DEMO-000257,CASE-MPLADS-DEMO-000154,P. Patel (Senior Audit Officer),SENIOR_AUDITOR,2024-05-14T12:30:00,Initiated comprehensive audit desk review for project MPLADS-DEMO-000154 in district Pune. Cross-referenced initial administrative sanction against public procurement schedules.,Administrative records retrieved and indexed
NOTE-DEMO-000258,CASE-MPLADS-DEMO-000154,P. Patel (Senior Audit Officer),SENIOR_AUDITOR,2024-05-18T15:30:00,Routine verification of asset commissioning milestones. Verified contractor registration details and milestone certificate uploaded to portal.,Milestone documentation checked
NOTE-DEMO-000259,CASE-MPLADS-DEMO-000155,Dr. K. Rao (Lead Forensic Auditor),LEAD_INVESTIGATOR,2024-05-15T15:30:00,Initiated comprehensive audit desk review for project MPLADS-DEMO-000155 in district Ganjam. Cross-referenced initial administrative sanction against public procurement schedules.,Administrative records retrieved and indexed
NOTE-DEMO-000260,CASE-MPLADS-DEMO-000155,Dr. K. Rao (Lead Forensic Auditor),LEAD_INVESTIGATOR,2024-05-19T12:30:00,Routine verification of asset commissioning milestones. Verified contractor registration details and milestone certificate uploaded to portal.,Milestone documentation checked
NOTE-DEMO-000261,CASE-MPLADS-DEMO-000156,A. Sharma (District Monitoring Officer),DISTRICT_OFFICER,2024-05-16T14:30:00,Initiated comprehensive audit desk review for project MPLADS-DEMO-000156 in district Ganjam. Cross-referenced initial administrative sanction against public procurement schedules.,Administrative records retrieved and indexed
NOTE-DEMO-000262,CASE-MPLADS-DEMO-000156,A. Sharma (District Monitoring Officer),DISTRICT_OFFICER,2024-05-20T14:30:00,Routine verification of asset commissioning milestones. Verified contractor registration details and milestone certificate uploaded to portal.,Milestone documentation checked
NOTE-DEMO-000263,CASE-MPLADS-DEMO-000157,R. Verma (Auditor),AUDITOR,2024-05-17T13:30:00,Initiated comprehensive audit desk review for project MPLADS-DEMO-000157 in district Nizamabad. Cross-referenced initial administrative sanction against public procurement schedules.,Administrative records retrieved and indexed
NOTE-DEMO-000264,CASE-MPLADS-DEMO-000157,R. Verma (Auditor),AUDITOR,2024-05-21T15:30:00,Routine verification of asset commissioning milestones. Verified contractor registration details and milestone certificate uploaded to portal.,Milestone documentation checked
NOTE-DEMO-000265,CASE-MPLADS-DEMO-000158,P. Patel (Senior Audit Officer),SENIOR_AUDITOR,2024-05-18T14:30:00,Initiated comprehensive audit desk review for project MPLADS-DEMO-000158 in district Nizamabad. Cross-referenced initial administrative sanction against public procurement schedules.,Administrative records retrieved and indexed
NOTE-DEMO-000266,CASE-MPLADS-DEMO-000158,P. Patel (Senior Audit Officer),SENIOR_AUDITOR,2024-05-22T12:30:00,Routine verification of asset commissioning milestones. Verified contractor registration details and milestone certificate uploaded to portal.,Milestone documentation checked
NOTE-DEMO-000267,CASE-MPLADS-DEMO-000159,Dr. K. Rao (Lead Forensic Auditor),LEAD_INVESTIGATOR,2024-05-19T13:30:00,Initiated comprehensive audit desk review for project MPLADS-DEMO-000159 in district Wayanad. Cross-referenced initial administrative sanction against public procurement schedules.,Administrative records retrieved and indexed
NOTE-DEMO-000268,CASE-MPLADS-DEMO-000159,Dr. K. Rao (Lead Forensic Auditor),LEAD_INVESTIGATOR,2024-05-23T11:30:00,Routine verification of asset commissioning milestones. Verified contractor registration details and milestone certificate uploaded to portal.,Milestone documentation checked
NOTE-DEMO-000269,CASE-MPLADS-DEMO-000160,A. Sharma (District Monitoring Officer),DISTRICT_OFFICER,2024-05-20T15:30:00,Initiated comprehensive audit desk review for project MPLADS-DEMO-000160 in district Wayanad. Cross-referenced initial administrative sanction against public procurement schedules.,Administrative records retrieved and indexed
NOTE-DEMO-000270,CASE-MPLADS-DEMO-000160,A. Sharma (District Monitoring Officer),DISTRICT_OFFICER,2024-05-24T15:30:00,Routine verification of asset commissioning milestones. Verified contractor registration details and milestone certificate uploaded to portal.,Milestone documentation checked
NOTE-DEMO-000271,CASE-MPLADS-DEMO-000801,R. Verma (Auditor),AUDITOR,2024-05-21T11:30:00,Initiated comprehensive audit desk review for project MPLADS-DEMO-000801 in district Varanasi. Cross-referenced initial administrative sanction against public procurement schedules.,Administrative records retrieved and indexed
NOTE-DEMO-000272,CASE-MPLADS-DEMO-000801,R. Verma (Auditor),AUDITOR,2024-05-25T12:30:00,Routine verification of asset commissioning milestones. Verified contractor registration details and milestone certificate uploaded to portal.,Milestone documentation checked
NOTE-DEMO-000273,CASE-MPLADS-DEMO-000802,P. Patel (Senior Audit Officer),SENIOR_AUDITOR,2024-05-22T14:30:00,Initiated comprehensive audit desk review for project MPLADS-DEMO-000802 in district Bengaluru Rural. Cross-referenced initial administrative sanction against public procurement schedules.,Administrative records retrieved and indexed
NOTE-DEMO-000274,CASE-MPLADS-DEMO-000802,P. Patel (Senior Audit Officer),SENIOR_AUDITOR,2024-05-26T15:30:00,Routine verification of asset commissioning milestones. Verified contractor registration details and milestone certificate uploaded to portal.,Milestone documentation checked
NOTE-DEMO-000275,CASE-MPLADS-DEMO-000803,Dr. K. Rao (Lead Forensic Auditor),LEAD_INVESTIGATOR,2024-05-23T14:30:00,Initiated comprehensive audit desk review for project MPLADS-DEMO-000803 in district Warangal. Cross-referenced initial administrative sanction against public procurement schedules.,Administrative records retrieved and indexed
NOTE-DEMO-000276,CASE-MPLADS-DEMO-000803,Dr. K. Rao (Lead Forensic Auditor),LEAD_INVESTIGATOR,2024-05-27T15:30:00,Routine verification of asset commissioning milestones. Verified contractor registration details and milestone certificate uploaded to portal.,Milestone documentation checked
NOTE-DEMO-000277,CASE-MPLADS-DEMO-000804,A. Sharma (District Monitoring Officer),DISTRICT_OFFICER,2024-05-24T12:30:00,Initiated comprehensive audit desk review for project MPLADS-DEMO-000804 in district Salem. Cross-referenced initial administrative sanction against public procurement schedules.,Administrative records retrieved and indexed
NOTE-DEMO-000278,CASE-MPLADS-DEMO-000804,A. Sharma (District Monitoring Officer),DISTRICT_OFFICER,2024-05-28T15:30:00,Routine verification of asset commissioning milestones. Verified contractor registration details and milestone certificate uploaded to portal.,Milestone documentation checked
NOTE-DEMO-000279,CASE-MPLADS-DEMO-000805,R. Verma (Auditor),AUDITOR,2024-05-25T14:30:00,Initiated comprehensive audit desk review for project MPLADS-DEMO-000805 in district Wayanad. Cross-referenced initial administrative sanction against public procurement schedules.,Administrative records retrieved and indexed
NOTE-DEMO-000280,CASE-MPLADS-DEMO-000805,R. Verma (Auditor),AUDITOR,2024-05-29T11:30:00,Routine verification of asset commissioning milestones. Verified contractor registration details and milestone certificate uploaded to portal.,Milestone documentation checked
NOTE-DEMO-000281,CASE-MPLADS-DEMO-000806,P. Patel (Senior Audit Officer),SENIOR_AUDITOR,2024-05-26T12:30:00,Initiated comprehensive audit desk review for project MPLADS-DEMO-000806 in district Mysuru. Cross-referenced initial administrative sanction against public procurement schedules.,Administrative records retrieved and indexed
NOTE-DEMO-000282,CASE-MPLADS-DEMO-000806,P. Patel (Senior Audit Officer),SENIOR_AUDITOR,2024-05-30T11:30:00,Routine verification of asset commissioning milestones. Verified contractor registration details and milestone certificate uploaded to portal.,Milestone documentation checked
NOTE-DEMO-000283,CASE-MPLADS-DEMO-000807,Dr. K. Rao (Lead Forensic Auditor),LEAD_INVESTIGATOR,2024-05-27T15:30:00,Initiated comprehensive audit desk review for project MPLADS-DEMO-000807 in district Surat. Cross-referenced initial administrative sanction against public procurement schedules.,Administrative records retrieved and indexed
NOTE-DEMO-000284,CASE-MPLADS-DEMO-000807,Dr. K. Rao (Lead Forensic Auditor),LEAD_INVESTIGATOR,2024-05-31T15:30:00,Routine verification of asset commissioning milestones. Verified contractor registration details and milestone certificate uploaded to portal.,Milestone documentation checked
NOTE-DEMO-000285,CASE-MPLADS-DEMO-000808,A. Sharma (District Monitoring Officer),DISTRICT_OFFICER,2024-05-28T12:30:00,Initiated comprehensive audit desk review for project MPLADS-DEMO-000808 in district Lucknow. Cross-referenced initial administrative sanction against public procurement schedules.,Administrative records retrieved and indexed
NOTE-DEMO-000286,CASE-MPLADS-DEMO-000808,A. Sharma (District Monitoring Officer),DISTRICT_OFFICER,2024-06-01T12:30:00,Routine verification of asset commissioning milestones. Verified contractor registration details and milestone certificate uploaded to portal.,Milestone documentation checked
NOTE-DEMO-000287,CASE-MPLADS-DEMO-000809,R. Verma (Auditor),AUDITOR,2024-05-29T12:30:00,Initiated comprehensive audit desk review for project MPLADS-DEMO-000809 in district Nashik. Cross-referenced initial administrative sanction against public procurement schedules.,Administrative records retrieved and indexed
NOTE-DEMO-000288,CASE-MPLADS-DEMO-000809,R. Verma (Auditor),AUDITOR,2024-06-02T14:30:00,Routine verification of asset commissioning milestones. Verified contractor registration details and milestone certificate uploaded to portal.,Milestone documentation checked
NOTE-DEMO-000289,CASE-MPLADS-DEMO-000810,P. Patel (Senior Audit Officer),SENIOR_AUDITOR,2024-05-30T13:30:00,Initiated comprehensive audit desk review for project MPLADS-DEMO-000810 in district Pune. Cross-referenced initial administrative sanction against public procurement schedules.,Administrative records retrieved and indexed
NOTE-DEMO-000290,CASE-MPLADS-DEMO-000810,P. Patel (Senior Audit Officer),SENIOR_AUDITOR,2024-06-03T12:30:00,Routine verification of asset commissioning milestones. Verified contractor registration details and milestone certificate uploaded to portal.,Milestone documentation checked
NOTE-DEMO-000291,CASE-MPLADS-DEMO-000811,Dr. K. Rao (Lead Forensic Auditor),LEAD_INVESTIGATOR,2024-05-31T12:30:00,Initiated comprehensive audit desk review for project MPLADS-DEMO-000811 in district Warangal. Cross-referenced initial administrative sanction against public procurement schedules.,Administrative records retrieved and indexed
NOTE-DEMO-000292,CASE-MPLADS-DEMO-000811,Dr. K. Rao (Lead Forensic Auditor),LEAD_INVESTIGATOR,2024-06-04T14:30:00,Routine verification of asset commissioning milestones. Verified contractor registration details and milestone certificate uploaded to portal.,Milestone documentation checked
NOTE-DEMO-000293,CASE-MPLADS-DEMO-000812,A. Sharma (District Monitoring Officer),DISTRICT_OFFICER,2024-06-01T14:30:00,Initiated comprehensive audit desk review for project MPLADS-DEMO-000812 in district Wayanad. Cross-referenced initial administrative sanction against public procurement schedules.,Administrative records retrieved and indexed
NOTE-DEMO-000294,CASE-MPLADS-DEMO-000812,A. Sharma (District Monitoring Officer),DISTRICT_OFFICER,2024-06-05T12:30:00,Routine verification of asset commissioning milestones. Verified contractor registration details and milestone certificate uploaded to portal.,Milestone documentation checked
NOTE-DEMO-000295,CASE-MPLADS-DEMO-000813,R. Verma (Auditor),AUDITOR,2024-06-02T11:30:00,Initiated comprehensive audit desk review for project MPLADS-DEMO-000813 in district Dharwad. Cross-referenced initial administrative sanction against public procurement schedules.,Administrative records retrieved and indexed
NOTE-DEMO-000296,CASE-MPLADS-DEMO-000813,R. Verma (Auditor),AUDITOR,2024-06-06T12:30:00,Routine verification of asset commissioning milestones. Verified contractor registration details and milestone certificate uploaded to portal.,Milestone documentation checked
NOTE-DEMO-000297,CASE-MPLADS-DEMO-000814,P. Patel (Senior Audit Officer),SENIOR_AUDITOR,2024-06-03T14:30:00,Initiated comprehensive audit desk review for project MPLADS-DEMO-000814 in district Indore. Cross-referenced initial administrative sanction against public procurement schedules.,Administrative records retrieved and indexed
NOTE-DEMO-000298,CASE-MPLADS-DEMO-000814,P. Patel (Senior Audit Officer),SENIOR_AUDITOR,2024-06-07T15:30:00,Routine verification of asset commissioning milestones. Verified contractor registration details and milestone certificate uploaded to portal.,Milestone documentation checked
NOTE-DEMO-000299,CASE-MPLADS-DEMO-000815,Dr. K. Rao (Lead Forensic Auditor),LEAD_INVESTIGATOR,2024-06-04T11:30:00,Initiated comprehensive audit desk review for project MPLADS-DEMO-000815 in district Cuttack. Cross-referenced initial administrative sanction against public procurement schedules.,Administrative records retrieved and indexed
NOTE-DEMO-000300,CASE-MPLADS-DEMO-000815,Dr. K. Rao (Lead Forensic Auditor),LEAD_INVESTIGATOR,2024-06-08T11:30:00,Routine verification of asset commissioning milestones. Verified contractor registration details and milestone certificate uploaded to portal.,Milestone documentation checked
NOTE-DEMO-000301,CASE-MPLADS-DEMO-000816,A. Sharma (District Monitoring Officer),DISTRICT_OFFICER,2024-06-05T12:30:00,Initiated comprehensive audit desk review for project MPLADS-DEMO-000816 in district Indore. Cross-referenced initial administrative sanction against public procurement schedules.,Administrative records retrieved and indexed
NOTE-DEMO-000302,CASE-MPLADS-DEMO-000816,A. Sharma (District Monitoring Officer),DISTRICT_OFFICER,2024-06-09T13:30:00,Routine verification of asset commissioning milestones. Verified contractor registration details and milestone certificate uploaded to portal.,Milestone documentation checked
NOTE-DEMO-000303,CASE-MPLADS-DEMO-000817,R. Verma (Auditor),AUDITOR,2024-06-06T14:30:00,Initiated comprehensive audit desk review for project MPLADS-DEMO-000817 in district Wayanad. Cross-referenced initial administrative sanction against public procurement schedules.,Administrative records retrieved and indexed
NOTE-DEMO-000304,CASE-MPLADS-DEMO-000817,R. Verma (Auditor),AUDITOR,2024-06-10T12:30:00,Routine verification of asset commissioning milestones. Verified contractor registration details and milestone certificate uploaded to portal.,Milestone documentation checked
NOTE-DEMO-000305,CASE-MPLADS-DEMO-000818,P. Patel (Senior Audit Officer),SENIOR_AUDITOR,2024-06-07T12:30:00,Initiated comprehensive audit desk review for project MPLADS-DEMO-000818 in district Indore. Cross-referenced initial administrative sanction against public procurement schedules.,Administrative records retrieved and indexed
NOTE-DEMO-000306,CASE-MPLADS-DEMO-000818,P. Patel (Senior Audit Officer),SENIOR_AUDITOR,2024-06-11T12:30:00,Routine verification of asset commissioning milestones. Verified contractor registration details and milestone certificate uploaded to portal.,Milestone documentation checked
NOTE-DEMO-000307,CASE-MPLADS-DEMO-000819,Dr. K. Rao (Lead Forensic Auditor),LEAD_INVESTIGATOR,2024-06-08T11:30:00,Initiated comprehensive audit desk review for project MPLADS-DEMO-000819 in district Kozhikode. Cross-referenced initial administrative sanction against public procurement schedules.,Administrative records retrieved and indexed
NOTE-DEMO-000308,CASE-MPLADS-DEMO-000819,Dr. K. Rao (Lead Forensic Auditor),LEAD_INVESTIGATOR,2024-06-12T13:30:00,Routine verification of asset commissioning milestones. Verified contractor registration details and milestone certificate uploaded to portal.,Milestone documentation checked
NOTE-DEMO-000309,CASE-MPLADS-DEMO-000820,A. Sharma (District Monitoring Officer),DISTRICT_OFFICER,2024-06-09T15:30:00,Initiated comprehensive audit desk review for project MPLADS-DEMO-000820 in district Varanasi. Cross-referenced initial administrative sanction against public procurement schedules.,Administrative records retrieved and indexed
NOTE-DEMO-000310,CASE-MPLADS-DEMO-000820,A. Sharma (District Monitoring Officer),DISTRICT_OFFICER,2024-06-13T13:30:00,Routine verification of asset commissioning milestones. Verified contractor registration details and milestone certificate uploaded to portal.,Milestone documentation checked
